incumbent,party,votes,votes_percent,candidate_name,description,geography,level,precincts_reporting,slug,sort_order,race_name,scraped_datetime
,,3587589,0.6473,Yes,Constitutional Right to Reproductive Freedom,California,California,"100.0% (25,554 of 25,554) precincts reporting",proposition-1,45,Proposition 1: Constitutional Right to Reproductive Freedom,2022-11-10T13:35:23.438602-08:00
,,1955049,0.3527,No,Constitutional Right to Reproductive Freedom,California,California,"100.0% (25,554 of 25,554) precincts reporting",proposition-1,45,Proposition 1: Constitutional Right to Reproductive Freedom,2022-11-10T13:35:23.438602-08:00
,,1654446,0.2995,Yes,Sports Wagering on Tribal Lands,California,California,"100.0% (25,554 of 25,554) precincts reporting",proposition-26,46,Proposition 26: Sports Wagering on Tribal Lands,2022-11-10T13:35:23.438602-08:00
,,3869308,0.7005,No,Sports Wagering on Tribal Lands,California,California,"100.0% (25,554 of 25,554) precincts reporting",proposition-26,46,Proposition 26: Sports Wagering on Tribal Lands,2022-11-10T13:35:23.438602-08:00
,,929280,0.1668,Yes,Online Sports Wagering Outside of Tribal Lands,California,California,"100.0% (25,554 of 25,554) precincts reporting",proposition-27,47,Proposition 27: Online Sports Wagering Outside of Tribal Lands,2022-11-10T13:35:23.438602-08:00
,,4641896,0.8332,No,Online Sports Wagering Outside of Tribal Lands,California,California,"100.0% (25,554 of 25,554) precincts reporting",proposition-27,47,Proposition 27: Online Sports Wagering Outside of Tribal Lands,2022-11-10T13:35:23.438602-08:00
,,3411873,0.6143,Yes,Public School Arts and Music Education Funding,California,California,"100.0% (25,554 of 25,554) precincts reporting",proposition-28,48,Proposition 28: Public School Arts and Music Education Funding,2022-11-10T13:35:23.438602-08:00
,,2142089,0.3857,No,Public School Arts and Music Education Funding,California,California,"100.0% (25,554 of 25,554) precincts reporting",proposition-28,48,Proposition 28: Public School Arts and Music Education Funding,2022-11-10T13:35:23.438602-08:00
,,1659705,0.3006,Yes,Regulates Kidney Dialysis Clinics,California,California,"100.0% (25,554 of 25,554) precincts reporting",proposition-29,49,Proposition 29: Regulates Kidney Dialysis Clinics,2022-11-10T13:35:23.438602-08:00
,,3862359,0.6994,No,Regulates Kidney Dialysis Clinics,California,California,"100.0% (25,554 of 25,554) precincts reporting",proposition-29,49,Proposition 29: Regulates Kidney Dialysis Clinics,2022-11-10T13:35:23.438602-08:00
,,2270432,0.4078,Yes,Tax to Fund ZEV/Wildfire Programs,California,California,"100.0% (25,554 of 25,554) precincts reporting",proposition-30,50,Proposition 30: Tax to Fund ZEV/Wildfire Programs,2022-11-10T13:35:23.438602-08:00
,,3296890,0.5922,No,Tax to Fund ZEV/Wildfire Programs,California,California,"100.0% (25,554 of 25,554) precincts reporting",proposition-30,50,Proposition 30: Tax to Fund ZEV/Wildfire Programs,2022-11-10T13:35:23.438602-08:00
,,3443927,0.6211,Yes,Prohibition on Sale of Certain Tobacco Products,California,California,"100.0% (25,554 of 25,554) precincts reporting",proposition-31,51,Proposition 31: Prohibition on Sale of Certain Tobacco Products,2022-11-10T13:35:23.438602-08:00
,,2101251,0.3789,No,Prohibition on Sale of Certain Tobacco Products,California,California,"100.0% (25,554 of 25,554) precincts reporting",proposition-31,51,Proposition 31: Prohibition on Sale of Certain Tobacco Products,2022-11-10T13:35:23.438602-08:00
True,Dem,3222479,0.5774,Shirley N. Weber,,California,California,"100% (25,554 of 25,554) precincts reporting",secretary-of-state,3,Secretary of State,2022-11-10T13:35:23.438602-08:00
False,Rep,2358862,0.4226,Rob Bernosky,,California,California,"100% (25,554 of 25,554) precincts reporting",secretary-of-state,3,Secretary of State,2022-11-10T13:35:23.438602-08:00
True,Dem,3176749,0.5761,Ricardo Lara,,California,California,"100% (25,554 of 25,554) precincts reporting",insurance-commissioner,7,Insurance Commissioner,2022-11-10T13:35:23.438602-08:00
False,Rep,2337387,0.4239,Robert Howell,,California,California,"100% (25,554 of 25,554) precincts reporting",insurance-commissioner,7,Insurance Commissioner,2022-11-10T13:35:23.438602-08:00
True,Dem,3237490,0.5727,Gavin Newsom,,California,California,"100% (25,554 of 25,554) precincts reporting",governor,1,Governor,2022-11-10T13:35:23.438602-08:00
False,Rep,2415416,0.4273,Brian Dahle,,California,California,"100% (25,554 of 25,554) precincts reporting",governor,1,Governor,2022-11-10T13:35:23.438602-08:00
,,3223646,0.7008,Yes,,California,California,"100.0% (25,554 of 25,554) precincts reporting",retain-supreme-court-justice-patricia-guerrero,55,Retain Supreme Court Justice Patricia Guerrero,2022-11-10T13:35:23.438602-08:00
,,1376119,0.2992,No,,California,California,"100.0% (25,554 of 25,554) precincts reporting",retain-supreme-court-justice-patricia-guerrero,55,Retain Supreme Court Justice Patricia Guerrero,2022-11-10T13:35:23.438602-08:00
,,3055473,0.6904,Yes,,California,California,"100.0% (25,554 of 25,554) precincts reporting",retain-supreme-court-justice-martin-j-jenkins,54,Retain Supreme Court Justice Martin J. Jenkins,2022-11-10T13:35:23.438602-08:00
,,1369949,0.3096,No,,California,California,"100.0% (25,554 of 25,554) precincts reporting",retain-supreme-court-justice-martin-j-jenkins,54,Retain Supreme Court Justice Martin J. Jenkins,2022-11-10T13:35:23.438602-08:00
,,3091147,0.6874,Yes,,California,California,"100.0% (25,554 of 25,554) precincts reporting",retain-supreme-court-justice-goodwin-liu,52,Retain Supreme Court Justice Goodwin Liu,2022-11-10T13:35:23.438602-08:00
,,1405562,0.3126,No,,California,California,"100.0% (25,554 of 25,554) precincts reporting",retain-supreme-court-justice-goodwin-liu,52,Retain Supreme Court Justice Goodwin Liu,2022-11-10T13:35:23.438602-08:00
,,2993512,0.681,Yes,,California,California,"100.0% (25,554 of 25,554) precincts reporting",retain-supreme-court-justice-joshua-p-groban,53,Retain Supreme Court Justice Joshua P. Groban,2022-11-10T13:35:23.438602-08:00
,,1402268,0.319,No,,California,California,"100.0% (25,554 of 25,554) precincts reporting",retain-supreme-court-justice-joshua-p-groban,53,Retain Supreme Court Justice Joshua P. Groban,2022-11-10T13:35:23.438602-08:00
False,Dem,35958,0.4574,Daniel Hertzberg,,State Assembly,California,100% (224 of 224) precincts reporting,state-senate-district-20,8,State Senate District 20,2022-11-10T13:35:23.438602-08:00
False,Dem,42656,0.5426,Caroline Menjivar,,State Assembly,California,100% (224 of 224) precincts reporting,state-senate-district-20,8,State Senate District 20,2022-11-10T13:35:23.438602-08:00
True,Dem,53927,0.5535,Susan Rubio,,State Assembly,California,100% (572 of 572) precincts reporting,state-senate-district-22,9,State Senate District 22,2022-11-10T13:35:23.438602-08:00
False,Rep,43500,0.4465,Vincent Tsai,,State Assembly,California,100% (572 of 572) precincts reporting,state-senate-district-22,9,State Senate District 22,2022-11-10T13:35:23.438602-08:00
True,Dem,128013,0.6235,Ben Allen,,State Assembly,California,100% (358 of 358) precincts reporting,state-senate-district-24,10,State Senate District 24,2022-11-10T13:35:23.438602-08:00
False,Rep,77316,0.3765,Kristina Irwin,,State Assembly,California,100% (358 of 358) precincts reporting,state-senate-district-24,10,State Senate District 24,2022-11-10T13:35:23.438602-08:00
True,Dem,75398,0.7848,Maria Elena Durazo,,State Assembly,California,100% (243 of 243) precincts reporting,state-senate-district-26,11,State Senate District 26,2022-11-10T13:35:23.438602-08:00
False,Rep,20680,0.2152,Claudia Agraz,,State Assembly,California,100% (243 of 243) precincts reporting,state-senate-district-26,11,State Senate District 26,2022-11-10T13:35:23.438602-08:00
False,Dem,55760,0.5566,Lola Smallwood-Cuevas,,State Assembly,California,100% (281 of 281) precincts reporting,state-senate-district-28,12,State Senate District 28,2022-11-10T13:35:23.438602-08:00
False,Dem,44414,0.4434,Cheryl C. Turner,,State Assembly,California,100% (281 of 281) precincts reporting,state-senate-district-28,12,State Senate District 28,2022-11-10T13:35:23.438602-08:00
True,Dem,65691,0.5656,Bob Archuleta,,State Assembly,California,100% (428 of 428) precincts reporting,state-senate-district-30,13,State Senate District 30,2022-11-10T13:35:23.438602-08:00
False,Rep,50459,0.4344,Mitch Clemmons,,State Assembly,California,100% (428 of 428) precincts reporting,state-senate-district-30,13,State Senate District 30,2022-11-10T13:35:23.438602-08:00
True,Dem,53282,0.5517,Tom Umberg,,State Assembly,California,100% (436 of 436) precincts reporting,state-senate-district-34,14,State Senate District 34,2022-11-10T13:35:23.438602-08:00
False,Rep,43292,0.4483,Rhonda Shader,,State Assembly,California,100% (436 of 436) precincts reporting,state-senate-district-34,14,State Senate District 34,2022-11-10T13:35:23.438602-08:00
False,Dem,93908,0.4172,Kim Carr,,State Assembly,California,100% (653 of 653) precincts reporting,state-senate-district-36,15,State Senate District 36,2022-11-10T13:35:23.438602-08:00
True,Rep,131167,0.5828,Janet Nguyen,,State Assembly,California,100% (653 of 653) precincts reporting,state-senate-district-36,15,State Senate District 36,2022-11-10T13:35:23.438602-08:00
True,Dem,3170449,0.5692,Rob Bonta,,California,California,"100% (25,554 of 25,554) precincts reporting",attorney-general,6,Attorney General,2022-11-10T13:35:23.438602-08:00
False,Rep,2399730,0.4308,Nathan Hochman,,California,California,"100% (25,554 of 25,554) precincts reporting",attorney-general,6,Attorney General,2022-11-10T13:35:23.438602-08:00
False,Dem,3297375,0.5871,Alex Padilla,Full term,United States,United States,"100% (25,554 of 25,554) precincts reporting",u-s-senate-full-term,1,U.S. Senate (Full Term),2022-11-10T13:35:23.438602-08:00
False,Rep,2318923,0.4129,Mark P. Meuser,Full term,United States,United States,"100% (25,554 of 25,554) precincts reporting",u-s-senate-full-term,1,U.S. Senate (Full Term),2022-11-10T13:35:23.438602-08:00
False,Dem,523735,0.435,Jose S. Altamirano,,Board of Equalization,California,"99.7% (7,515 of 7,536) precincts reporting",board-of-equalization-district-1,40,Board of Equalization District 1,2022-11-10T13:35:23.438602-08:00
True,Rep,680298,0.565,Ted Gaines,,Board of Equalization,California,"99.7% (7,515 of 7,536) precincts reporting",board-of-equalization-district-1,40,Board of Equalization District 1,2022-11-10T13:35:23.438602-08:00
False,Dem,1042802,0.6748,Sally J. Lieber,,Board of Equalization,California,"100% (7,416 of 7,416) precincts reporting",board-of-equalization-district-2,41,Board of Equalization District 2,2022-11-10T13:35:23.438602-08:00
False,Rep,502548,0.3252,Peter Coe Verbica,,Board of Equalization,California,"100% (7,416 of 7,416) precincts reporting",board-of-equalization-district-2,41,Board of Equalization District 2,2022-11-10T13:35:23.438602-08:00
True,Dem,759558,0.6665,Tony Vazquez,,Board of Equalization,California,"100% (3,680 of 3,680) precincts reporting",board-of-equalization-district-3,42,Board of Equalization District 3,2022-11-10T13:35:23.438602-08:00
False,NPP,379979,0.3335,Y. Marie Manvel,,Board of Equalization,California,"100% (3,680 of 3,680) precincts reporting",board-of-equalization-district-3,42,Board of Equalization District 3,2022-11-10T13:35:23.438602-08:00
False,Dem,469971,0.3995,David Dodson,,Board of Equalization,California,"100% (6,922 of 6,922) precincts reporting",board-of-equalization-district-4,43,Board of Equalization District 4,2022-11-10T13:35:23.438602-08:00
True,Dem,706341,0.6005,Mike Schaefer,,Board of Equalization,California,"100% (6,922 of 6,922) precincts reporting",board-of-equalization-district-4,43,Board of Equalization District 4,2022-11-10T13:35:23.438602-08:00
False,Dem,3266471,0.5855,Alex Padilla,Partial/Unexpired Term,United States,United States,"100% (25,554 of 25,554) precincts reporting",u-s-senate-partial-unexpired-term,2,U.S. Senate (Partial/Unexpired Term),2022-11-10T13:35:23.438602-08:00
False,Rep,2312711,0.4145,Mark P. Meuser,Partial/Unexpired Term,United States,United States,"100% (25,554 of 25,554) precincts reporting",u-s-senate-partial-unexpired-term,2,U.S. Senate (Partial/Unexpired Term),2022-11-10T13:35:23.438602-08:00
,,581022,0.7901,Yes,,Court of Appeals District 1,California,"100.0% (4,323 of 4,323) precincts reporting",courts-of-appeal-district-1-therese-m-stewart,56,Courts of Appeal District 1: Therese M. Stewart,2022-11-10T13:35:23.438602-08:00
,,154379,0.2099,No,,Court of Appeals District 1,California,"100.0% (4,323 of 4,323) precincts reporting",courts-of-appeal-district-1-therese-m-stewart,56,Courts of Appeal District 1: Therese M. Stewart,2022-11-10T13:35:23.438602-08:00
,,577019,0.7884,Yes,,Court of Appeals District 1,California,"100.0% (4,323 of 4,323) precincts reporting",courts-of-appeal-district-1-alison-m-tucher,57,Courts of Appeal District 1: Alison M. Tucher,2022-11-10T13:35:23.438602-08:00
,,154876,0.2116,No,,Court of Appeals District 1,California,"100.0% (4,323 of 4,323) precincts reporting",courts-of-appeal-district-1-alison-m-tucher,57,Courts of Appeal District 1: Alison M. Tucher,2022-11-10T13:35:23.438602-08:00
,,556598,0.7716,Yes,,Court of Appeals District 1,California,"100.0% (4,323 of 4,323) precincts reporting",courts-of-appeal-district-1-ioana-petrou,58,Courts of Appeal District 1: Ioana Petrou,2022-11-10T13:35:23.438602-08:00
,,164799,0.2284,No,,Court of Appeals District 1,California,"100.0% (4,323 of 4,323) precincts reporting",courts-of-appeal-district-1-ioana-petrou,58,Courts of Appeal District 1: Ioana Petrou,2022-11-10T13:35:23.438602-08:00
,,565686,0.7823,Yes,,Court of Appeals District 1,California,"100.0% (4,323 of 4,323) precincts reporting",courts-of-appeal-district-1-carin-t-fujisaki,59,Courts of Appeal District 1: Carin T. Fujisaki,2022-11-10T13:35:23.438602-08:00
,,157441,0.2177,No,,Court of Appeals District 1,California,"100.0% (4,323 of 4,323) precincts reporting",courts-of-appeal-district-1-carin-t-fujisaki,59,Courts of Appeal District 1: Carin T. Fujisaki,2022-11-10T13:35:23.438602-08:00
,,564582,0.776,Yes,,Court of Appeals District 1,California,"100.0% (4,323 of 4,323) precincts reporting",courts-of-appeal-district-1-victor-a-rodriguez,60,Courts of Appeal District 1: Victor A. Rodriguez,2022-11-10T13:35:23.438602-08:00
,,163003,0.224,No,,Court of Appeals District 1,California,"100.0% (4,323 of 4,323) precincts reporting",courts-of-appeal-district-1-victor-a-rodriguez,60,Courts of Appeal District 1: Victor A. Rodriguez,2022-11-10T13:35:23.438602-08:00
,,573628,0.7937,Yes,,Court of Appeals District 1,California,"100.0% (4,323 of 4,323) precincts reporting",courts-of-appeal-district-1-tracie-l-brown,61,Courts of Appeal District 1: Tracie L. Brown,2022-11-10T13:35:23.438602-08:00
,,149142,0.2063,No,,Court of Appeals District 1,California,"100.0% (4,323 of 4,323) precincts reporting",courts-of-appeal-district-1-tracie-l-brown,61,Courts of Appeal District 1: Tracie L. Brown,2022-11-10T13:35:23.438602-08:00
,,549042,0.7653,Yes,,Court of Appeals District 1,California,"100.0% (4,323 of 4,323) precincts reporting",courts-of-appeal-district-1-jeremy-m-goldman,62,Courts of Appeal District 1: Jeremy M. Goldman,2022-11-10T13:35:23.438602-08:00
,,168414,0.2347,No,,Court of Appeals District 1,California,"100.0% (4,323 of 4,323) precincts reporting",courts-of-appeal-district-1-jeremy-m-goldman,62,Courts of Appeal District 1: Jeremy M. Goldman,2022-11-10T13:35:23.438602-08:00
,,567789,0.7865,Yes,,Court of Appeals District 1,California,"100.0% (4,323 of 4,323) precincts reporting",courts-of-appeal-district-1-teri-l-jackson,63,Courts of Appeal District 1: Teri L. Jackson,2022-11-10T13:35:23.438602-08:00
,,154140,0.2135,No,,Court of Appeals District 1,California,"100.0% (4,323 of 4,323) precincts reporting",courts-of-appeal-district-1-teri-l-jackson,63,Courts of Appeal District 1: Teri L. Jackson,2022-11-10T13:35:23.438602-08:00
,,553612,0.7746,Yes,,Court of Appeals District 1,California,"100.0% (4,323 of 4,323) precincts reporting",courts-of-appeal-district-1-gordon-b-burns,64,Courts of Appeal District 1: Gordon B. Burns,2022-11-10T13:35:23.438602-08:00
,,161108,0.2254,No,,Court of Appeals District 1,California,"100.0% (4,323 of 4,323) precincts reporting",courts-of-appeal-district-1-gordon-b-burns,64,Courts of Appeal District 1: Gordon B. Burns,2022-11-10T13:35:23.438602-08:00
,,822145,0.6954,Yes,,Court of Appeals District 2,California,"100.0% (5,750 of 5,750) precincts reporting",courts-of-appeal-district-2-frances-rothschild,65,Courts of Appeal District 2: Frances Rothschild,2022-11-10T13:35:23.438602-08:00
,,360131,0.3046,No,,Court of Appeals District 2,California,"100.0% (5,750 of 5,750) precincts reporting",courts-of-appeal-district-2-frances-rothschild,65,Courts of Appeal District 2: Frances Rothschild,2022-11-10T13:35:23.438602-08:00
,,871486,0.7509,Yes,,Court of Appeals District 2,California,"100.0% (5,750 of 5,750) precincts reporting",courts-of-appeal-district-2-judith-m-ashmann,66,Courts of Appeal District 2: Judith M. Ashmann,2022-11-10T13:35:23.438602-08:00
,,289152,0.2491,No,,Court of Appeals District 2,California,"100.0% (5,750 of 5,750) precincts reporting",courts-of-appeal-district-2-judith-m-ashmann,66,Courts of Appeal District 2: Judith M. Ashmann,2022-11-10T13:35:23.438602-08:00
,,814039,0.7064,Yes,,Court of Appeals District 2,California,"100.0% (5,750 of 5,750) precincts reporting",courts-of-appeal-district-2-luis-a-lavin,67,Courts of Appeal District 2: Luis A. Lavin,2022-11-10T13:35:23.438602-08:00
,,338360,0.2936,No,,Court of Appeals District 2,California,"100.0% (5,750 of 5,750) precincts reporting",courts-of-appeal-district-2-luis-a-lavin,67,Courts of Appeal District 2: Luis A. Lavin,2022-11-10T13:35:23.438602-08:00
,,830101,0.7188,Yes,,Court of Appeals District 2,California,"100.0% (5,750 of 5,750) precincts reporting",courts-of-appeal-district-2-audrey-b-collins,68,Courts of Appeal District 2: Audrey B. Collins,2022-11-10T13:35:23.438602-08:00
,,324719,0.2812,No,,Court of Appeals District 2,California,"100.0% (5,750 of 5,750) precincts reporting",courts-of-appeal-district-2-audrey-b-collins,68,Courts of Appeal District 2: Audrey B. Collins,2022-11-10T13:35:23.438602-08:00
,,798117,0.6965,Yes,,Court of Appeals District 2,California,"100.0% (5,750 of 5,750) precincts reporting",courts-of-appeal-district-2-brian-s-currey,69,Courts of Appeal District 2: Brian S. Currey,2022-11-10T13:35:23.438602-08:00
,,347771,0.3035,No,,Court of Appeals District 2,California,"100.0% (5,750 of 5,750) precincts reporting",courts-of-appeal-district-2-brian-s-currey,69,Courts of Appeal District 2: Brian S. Currey,2022-11-10T13:35:23.438602-08:00
,,823937,0.7089,Yes,,Court of Appeals District 2,California,"100.0% (5,750 of 5,750) precincts reporting",courts-of-appeal-district-2-laurence-d-rubin,70,Courts of Appeal District 2: Laurence D. Rubin,2022-11-10T13:35:23.438602-08:00
,,338337,0.2911,No,,Court of Appeals District 2,California,"100.0% (5,750 of 5,750) precincts reporting",courts-of-appeal-district-2-laurence-d-rubin,70,Courts of Appeal District 2: Laurence D. Rubin,2022-11-10T13:35:23.438602-08:00
,,810910,0.7068,Yes,,Court of Appeals District 2,California,"100.0% (5,750 of 5,750) precincts reporting",courts-of-appeal-district-2-lamar-w-baker,71,Courts of Appeal District 2: Lamar W. Baker,2022-11-10T13:35:23.438602-08:00
,,336369,0.2932,No,,Court of Appeals District 2,California,"100.0% (5,750 of 5,750) precincts reporting",courts-of-appeal-district-2-lamar-w-baker,71,Courts of Appeal District 2: Lamar W. Baker,2022-11-10T13:35:23.438602-08:00
,,798246,0.6961,Yes,,Court of Appeals District 2,California,"100.0% (5,750 of 5,750) precincts reporting",courts-of-appeal-district-2-hernaldo-j-baltodano,72,Courts of Appeal District 2: Hernaldo J. Baltodano,2022-11-10T13:35:23.438602-08:00
,,348549,0.3039,No,,Court of Appeals District 2,California,"100.0% (5,750 of 5,750) precincts reporting",courts-of-appeal-district-2-hernaldo-j-baltodano,72,Courts of Appeal District 2: Hernaldo J. Baltodano,2022-11-10T13:35:23.438602-08:00
,,803133,0.7027,Yes,,Court of Appeals District 2,California,"100.0% (5,750 of 5,750) precincts reporting",courts-of-appeal-district-2-john-l-segal,73,Courts of Appeal District 2: John L. Segal,2022-11-10T13:35:23.438602-08:00
,,339746,0.2973,No,,Court of Appeals District 2,California,"100.0% (5,750 of 5,750) precincts reporting",courts-of-appeal-district-2-john-l-segal,73,Courts of Appeal District 2: John L. Segal,2022-11-10T13:35:23.438602-08:00
,,831923,0.7167,Yes,,Court of Appeals District 2,California,"100.0% (5,750 of 5,750) precincts reporting",courts-of-appeal-district-2-maria-e-stratton,74,Courts of Appeal District 2: Maria E. Stratton,2022-11-10T13:35:23.438602-08:00
,,328769,0.2833,No,,Court of Appeals District 2,California,"100.0% (5,750 of 5,750) precincts reporting",courts-of-appeal-district-2-maria-e-stratton,74,Courts of Appeal District 2: Maria E. Stratton,2022-11-10T13:35:23.438602-08:00
,,791548,0.6943,Yes,,Court of Appeals District 2,California,"100.0% (5,750 of 5,750) precincts reporting",courts-of-appeal-district-2-john-shepard-wiley-jr,75,Courts of Appeal District 2: John Shepard Wiley Jr.,2022-11-10T13:35:23.438602-08:00
,,348446,0.3057,No,,Court of Appeals District 2,California,"100.0% (5,750 of 5,750) precincts reporting",courts-of-appeal-district-2-john-shepard-wiley-jr,75,Courts of Appeal District 2: John Shepard Wiley Jr.,2022-11-10T13:35:23.438602-08:00
,,875972,0.7635,Yes,,Court of Appeals District 2,California,"100.0% (5,750 of 5,750) precincts reporting",courts-of-appeal-district-2-elizabeth-annette-grimes,76,Courts of Appeal District 2: Elizabeth Annette Grimes,2022-11-10T13:35:23.438602-08:00
,,271388,0.2365,No,,Court of Appeals District 2,California,"100.0% (5,750 of 5,750) precincts reporting",courts-of-appeal-district-2-elizabeth-annette-grimes,76,Courts of Appeal District 2: Elizabeth Annette Grimes,2022-11-10T13:35:23.438602-08:00
,,312595,0.6586,Yes,,Court of Appeals District 3,California,"100.0% (2,601 of 2,601) precincts reporting",courts-of-appeal-district-3-harry-hull,77,Courts of Appeal District 3: Harry Hull,2022-11-10T13:35:23.438602-08:00
,,162068,0.3414,No,,Court of Appeals District 3,California,"100.0% (2,601 of 2,601) precincts reporting",courts-of-appeal-district-3-harry-hull,77,Courts of Appeal District 3: Harry Hull,2022-11-10T13:35:23.438602-08:00
,,298998,0.6244,Yes,,Court of Appeals District 3,California,"100.0% (2,601 of 2,601) precincts reporting",courts-of-appeal-district-3-laurie-m-earl,78,Courts of Appeal District 3: Laurie M. Earl,2022-11-10T13:35:23.438602-08:00
,,179858,0.3756,No,,Court of Appeals District 3,California,"100.0% (2,601 of 2,601) precincts reporting",courts-of-appeal-district-3-laurie-m-earl,78,Courts of Appeal District 3: Laurie M. Earl,2022-11-10T13:35:23.438602-08:00
,,306996,0.6406,Yes,,Court of Appeals District 3,California,"100.0% (2,601 of 2,601) precincts reporting",courts-of-appeal-district-3-stacy-boulware-eurie,79,Courts of Appeal District 3: Stacy Boulware Eurie,2022-11-10T13:35:23.438602-08:00
,,172213,0.3594,No,,Court of Appeals District 3,California,"100.0% (2,601 of 2,601) precincts reporting",courts-of-appeal-district-3-stacy-boulware-eurie,79,Courts of Appeal District 3: Stacy Boulware Eurie,2022-11-10T13:35:23.438602-08:00
,,831905,0.6479,Yes,,Court of Appeals District 4,California,"100.0% (9,243 of 9,243) precincts reporting",courts-of-appeal-district-4-judith-mcconnell,80,Courts of Appeal District 4: Judith McConnell,2022-11-10T13:35:23.438602-08:00
,,452185,0.3521,No,,Court of Appeals District 4,California,"100.0% (9,243 of 9,243) precincts reporting",courts-of-appeal-district-4-judith-mcconnell,80,Courts of Appeal District 4: Judith McConnell,2022-11-10T13:35:23.438602-08:00
,,790970,0.6266,Yes,,Court of Appeals District 4,California,"100.0% (9,243 of 9,243) precincts reporting",courts-of-appeal-district-4-martin-n-buchanan,81,Courts of Appeal District 4: Martin N. Buchanan,2022-11-10T13:35:23.438602-08:00
,,471284,0.3734,No,,Court of Appeals District 4,California,"100.0% (9,243 of 9,243) precincts reporting",courts-of-appeal-district-4-martin-n-buchanan,81,Courts of Appeal District 4: Martin N. Buchanan,2022-11-10T13:35:23.438602-08:00
,,777574,0.6084,Yes,,Court of Appeals District 4,California,"100.0% (9,243 of 9,243) precincts reporting",courts-of-appeal-district-4-truc-t-do,82,Courts of Appeal District 4: Truc T. Do,2022-11-10T13:35:23.438602-08:00
,,500418,0.3916,No,,Court of Appeals District 4,California,"100.0% (9,243 of 9,243) precincts reporting",courts-of-appeal-district-4-truc-t-do,82,Courts of Appeal District 4: Truc T. Do,2022-11-10T13:35:23.438602-08:00
,,909166,0.7183,Yes,,Court of Appeals District 4,California,"100.0% (9,243 of 9,243) precincts reporting",courts-of-appeal-district-4-manuel-a-ramirez,83,Courts of Appeal District 4: Manuel A. Ramirez,2022-11-10T13:35:23.438602-08:00
,,356555,0.2817,No,,Court of Appeals District 4,California,"100.0% (9,243 of 9,243) precincts reporting",courts-of-appeal-district-4-manuel-a-ramirez,83,Courts of Appeal District 4: Manuel A. Ramirez,2022-11-10T13:35:23.438602-08:00
,,930014,0.7391,Yes,,Court of Appeals District 4,California,"100.0% (9,243 of 9,243) precincts reporting",courts-of-appeal-district-4-carol-d-codrington,84,Courts of Appeal District 4: Carol D. Codrington,2022-11-10T13:35:23.438602-08:00
,,328360,0.2609,No,,Court of Appeals District 4,California,"100.0% (9,243 of 9,243) precincts reporting",courts-of-appeal-district-4-carol-d-codrington,84,Courts of Appeal District 4: Carol D. Codrington,2022-11-10T13:35:23.438602-08:00
,,782647,0.6245,Yes,,Court of Appeals District 4,California,"100.0% (9,243 of 9,243) precincts reporting",courts-of-appeal-district-4-michael-j-raphael,85,Courts of Appeal District 4: Michael J. Raphael,2022-11-10T13:35:23.438602-08:00
,,470496,0.3755,No,,Court of Appeals District 4,California,"100.0% (9,243 of 9,243) precincts reporting",courts-of-appeal-district-4-michael-j-raphael,85,Courts of Appeal District 4: Michael J. Raphael,2022-11-10T13:35:23.438602-08:00
,,757378,0.6057,Yes,,Court of Appeals District 4,California,"100.0% (9,243 of 9,243) precincts reporting",courts-of-appeal-district-4-frank-menetrez,86,Courts of Appeal District 4: Frank Menetrez,2022-11-10T13:35:23.438602-08:00
,,493040,0.3943,No,,Court of Appeals District 4,California,"100.0% (9,243 of 9,243) precincts reporting",courts-of-appeal-district-4-frank-menetrez,86,Courts of Appeal District 4: Frank Menetrez,2022-11-10T13:35:23.438602-08:00
,,824666,0.6555,Yes,,Court of Appeals District 4,California,"100.0% (9,243 of 9,243) precincts reporting",courts-of-appeal-district-4-kathleen-e-o-leary,87,Courts of Appeal District 4: Kathleen E. O'Leary,2022-11-10T13:35:23.438602-08:00
,,433497,0.3445,No,,Court of Appeals District 4,California,"100.0% (9,243 of 9,243) precincts reporting",courts-of-appeal-district-4-kathleen-e-o-leary,87,Courts of Appeal District 4: Kathleen E. O'Leary,2022-11-10T13:35:23.438602-08:00
,,769919,0.6166,Yes,,Court of Appeals District 4,California,"100.0% (9,243 of 9,243) precincts reporting",courts-of-appeal-district-4-william-w-bedsworth,88,Courts of Appeal District 4: William W. Bedsworth,2022-11-10T13:35:23.438602-08:00
,,478673,0.3834,No,,Court of Appeals District 4,California,"100.0% (9,243 of 9,243) precincts reporting",courts-of-appeal-district-4-william-w-bedsworth,88,Courts of Appeal District 4: William W. Bedsworth,2022-11-10T13:35:23.438602-08:00
,,816968,0.6509,Yes,,Court of Appeals District 4,California,"100.0% (9,243 of 9,243) precincts reporting",courts-of-appeal-district-4-eileen-c-moore,89,Courts of Appeal District 4: Eileen C. Moore,2022-11-10T13:35:23.438602-08:00
,,438192,0.3491,No,,Court of Appeals District 4,California,"100.0% (9,243 of 9,243) precincts reporting",courts-of-appeal-district-4-eileen-c-moore,89,Courts of Appeal District 4: Eileen C. Moore,2022-11-10T13:35:23.438602-08:00
,,776482,0.6201,Yes,,Court of Appeals District 4,California,"100.0% (9,243 of 9,243) precincts reporting",courts-of-appeal-district-4-joanne-motoike,90,Courts of Appeal District 4: Joanne Motoike,2022-11-10T13:35:23.438602-08:00
,,475766,0.3799,No,,Court of Appeals District 4,California,"100.0% (9,243 of 9,243) precincts reporting",courts-of-appeal-district-4-joanne-motoike,90,Courts of Appeal District 4: Joanne Motoike,2022-11-10T13:35:23.438602-08:00
,,772501,0.6149,Yes,,Court of Appeals District 4,California,"100.0% (9,243 of 9,243) precincts reporting",courts-of-appeal-district-4-maurice-sanchez,91,Courts of Appeal District 4: Maurice Sanchez,2022-11-10T13:35:23.438602-08:00
,,483719,0.3851,No,,Court of Appeals District 4,California,"100.0% (9,243 of 9,243) precincts reporting",courts-of-appeal-district-4-maurice-sanchez,91,Courts of Appeal District 4: Maurice Sanchez,2022-11-10T13:35:23.438602-08:00
,,231026,0.7,Yes,,Court of Appeals District 5,California,"100.0% (2,415 of 2,415) precincts reporting",courts-of-appeal-district-5-brad-r-hill,92,Courts of Appeal District 5: Brad R. Hill,2022-11-10T13:35:23.438602-08:00
,,99032,0.3,No,,Court of Appeals District 5,California,"100.0% (2,415 of 2,415) precincts reporting",courts-of-appeal-district-5-brad-r-hill,92,Courts of Appeal District 5: Brad R. Hill,2022-11-10T13:35:23.438602-08:00
,,226814,0.69,Yes,,Court of Appeals District 5,California,"100.0% (2,415 of 2,415) precincts reporting",courts-of-appeal-district-5-bert-levy,93,Courts of Appeal District 5: Bert Levy,2022-11-10T13:35:23.438602-08:00
,,101912,0.31,No,,Court of Appeals District 5,California,"100.0% (2,415 of 2,415) precincts reporting",courts-of-appeal-district-5-bert-levy,93,Courts of Appeal District 5: Bert Levy,2022-11-10T13:35:23.438602-08:00
,,228985,0.6954,Yes,,Court of Appeals District 5,California,"100.0% (2,415 of 2,415) precincts reporting",courts-of-appeal-district-5-jennifer-detjen,94,Courts of Appeal District 5: Jennifer Detjen,2022-11-10T13:35:23.438602-08:00
,,100277,0.3046,No,,Court of Appeals District 5,California,"100.0% (2,415 of 2,415) precincts reporting",courts-of-appeal-district-5-jennifer-detjen,94,Courts of Appeal District 5: Jennifer Detjen,2022-11-10T13:35:23.438602-08:00
,,255573,0.7964,Yes,,Court of Appeals District 6,California,"100.0% (1,222 of 1,222) precincts reporting",courts-of-appeal-district-6-mary-j-greenwood,95,Courts of Appeal District 6: Mary J. Greenwood,2022-11-10T13:35:23.438602-08:00
,,65330,0.2036,No,,Court of Appeals District 6,California,"100.0% (1,222 of 1,222) precincts reporting",courts-of-appeal-district-6-mary-j-greenwood,95,Courts of Appeal District 6: Mary J. Greenwood,2022-11-10T13:35:23.438602-08:00
,,246908,0.7761,Yes,,Court of Appeals District 6,California,"100.0% (1,222 of 1,222) precincts reporting",courts-of-appeal-district-6-charles-e-wilson-ii,96,Courts of Appeal District 6: Charles E. Wilson II,2022-11-10T13:35:23.438602-08:00
,,71228,0.2239,No,,Court of Appeals District 6,California,"100.0% (1,222 of 1,222) precincts reporting",courts-of-appeal-district-6-charles-e-wilson-ii,96,Courts of Appeal District 6: Charles E. Wilson II,2022-11-10T13:35:23.438602-08:00
,,243816,0.7806,Yes,,Court of Appeals District 6,California,"100.0% (1,222 of 1,222) precincts reporting",courts-of-appeal-district-6-cynthia-c-lie,97,Courts of Appeal District 6: Cynthia C. Lie,2022-11-10T13:35:23.438602-08:00
,,68531,0.2194,No,,Court of Appeals District 6,California,"100.0% (1,222 of 1,222) precincts reporting",courts-of-appeal-district-6-cynthia-c-lie,97,Courts of Appeal District 6: Cynthia C. Lie,2022-11-10T13:35:23.438602-08:00
False,Rep,35543,0.5743,Tom Lackey,,State Assembly,California,"100% (1,242 of 1,242) precincts reporting",state-assembly-district-34,16,State Assembly District 34,2022-11-10T13:35:23.438602-08:00
False,Rep,26351,0.4257,"Thurston ""Smitty"" Smith",,State Assembly,California,"100% (1,242 of 1,242) precincts reporting",state-assembly-district-34,16,State Assembly District 34,2022-11-10T13:35:23.438602-08:00
False,Dem,19912,0.5463,Juan Carrillo,,State Assembly,California,100% (264 of 264) precincts reporting,state-assembly-district-39,17,State Assembly District 39,2022-11-10T13:35:23.438602-08:00
False,Rep,16535,0.4537,Paul Andre Marsh,,State Assembly,California,100% (264 of 264) precincts reporting,state-assembly-district-39,17,State Assembly District 39,2022-11-10T13:35:23.438602-08:00
False,Dem,41319,0.4569,Pilar Schiavo,,State Assembly,California,100% (266 of 266) precincts reporting,state-assembly-district-40,18,State Assembly District 40,2022-11-10T13:35:23.438602-08:00
False,Rep,49117,0.5431,Suzette Martinez Valladares,,State Assembly,California,100% (266 of 266) precincts reporting,state-assembly-district-40,18,State Assembly District 40,2022-11-10T13:35:23.438602-08:00
True,Dem,51899,0.5701,Chris Holden,,State Assembly,California,100% (429 of 429) precincts reporting,state-assembly-district-41,19,State Assembly District 41,2022-11-10T13:35:23.438602-08:00
False,Rep,39140,0.4299,Michael Mcmahon,,State Assembly,California,100% (429 of 429) precincts reporting,state-assembly-district-41,19,State Assembly District 41,2022-11-10T13:35:23.438602-08:00
True,Dem,71001,0.5424,Jacqui Irwin,,State Assembly,California,100% (664 of 664) precincts reporting,state-assembly-district-42,20,State Assembly District 42,2022-11-10T13:35:23.438602-08:00
False,Rep,59896,0.4576,Lori Mills,,State Assembly,California,100% (664 of 664) precincts reporting,state-assembly-district-42,20,State Assembly District 42,2022-11-10T13:35:23.438602-08:00
True,Dem,27692,0.7023,Luz Maria Rivas,,State Assembly,California,100% (108 of 108) precincts reporting,state-assembly-district-43,21,State Assembly District 43,2022-11-10T13:35:23.438602-08:00
False,Rep,11741,0.2977,Siaka Massaquoi,,State Assembly,California,100% (108 of 108) precincts reporting,state-assembly-district-43,21,State Assembly District 43,2022-11-10T13:35:23.438602-08:00
True,Dem,55391,0.663,Laura Friedman,,State Assembly,California,100% (136 of 136) precincts reporting,state-assembly-district-44,22,State Assembly District 44,2022-11-10T13:35:23.438602-08:00
False,Rep,28154,0.337,Barry Curtis Jacobsen,,State Assembly,California,100% (136 of 136) precincts reporting,state-assembly-district-44,22,State Assembly District 44,2022-11-10T13:35:23.438602-08:00
True,Dem,39845,0.6032,Jesse Gabriel,,State Assembly,California,100% (119 of 119) precincts reporting,state-assembly-district-46,23,State Assembly District 46,2022-11-10T13:35:23.438602-08:00
False,Rep,26212,0.3968,Dana Caruso,,State Assembly,California,100% (119 of 119) precincts reporting,state-assembly-district-46,23,State Assembly District 46,2022-11-10T13:35:23.438602-08:00
True,Dem,31038,0.5594,Blanca Rubio,,State Assembly,California,100% (265 of 265) precincts reporting,state-assembly-district-48,24,State Assembly District 48,2022-11-10T13:35:23.438602-08:00
False,Rep,24444,0.4406,Ryan Maye,,State Assembly,California,100% (265 of 265) precincts reporting,state-assembly-district-48,24,State Assembly District 48,2022-11-10T13:35:23.438602-08:00
True,Dem,33539,0.6223,Mike Fong,,State Assembly,California,100% (184 of 184) precincts reporting,state-assembly-district-49,25,State Assembly District 49,2022-11-10T13:35:23.438602-08:00
False,Rep,20355,0.3777,Burton Brink,,State Assembly,California,100% (184 of 184) precincts reporting,state-assembly-district-49,25,State Assembly District 49,2022-11-10T13:35:23.438602-08:00
False,Dem,32162,0.4514,Louis Abramson,,State Assembly,California,100% (164 of 164) precincts reporting,state-assembly-district-51,26,State Assembly District 51,2022-11-10T13:35:23.438602-08:00
False,Dem,39092,0.5486,Rick Chavez Zbur,,State Assembly,California,100% (164 of 164) precincts reporting,state-assembly-district-51,26,State Assembly District 51,2022-11-10T13:35:23.438602-08:00
True,Dem,33809,0.6035,Wendy Carrillo,,State Assembly,California,100% (146 of 146) precincts reporting,state-assembly-district-52,27,State Assembly District 52,2022-11-10T13:35:23.438602-08:00
False,Dem,22215,0.3965,Mia Livas Porter,,State Assembly,California,100% (146 of 146) precincts reporting,state-assembly-district-52,27,State Assembly District 52,2022-11-10T13:35:23.438602-08:00
True,Dem,22095,0.5803,Freddie Rodriguez,,State Assembly,California,100% (245 of 245) precincts reporting,state-assembly-district-53,28,State Assembly District 53,2022-11-10T13:35:23.438602-08:00
False,Rep,15977,0.4197,Toni Holle,,State Assembly,California,100% (245 of 245) precincts reporting,state-assembly-district-53,28,State Assembly District 53,2022-11-10T13:35:23.438602-08:00
True,Dem,27731,0.7426,Miguel Santiago,,State Assembly,California,100% (120 of 120) precincts reporting,state-assembly-district-54,29,State Assembly District 54,2022-11-10T13:35:23.438602-08:00
False,Rep,9613,0.2574,Elaine Alaniz,,State Assembly,California,100% (120 of 120) precincts reporting,state-assembly-district-54,29,State Assembly District 54,2022-11-10T13:35:23.438602-08:00
True,Dem,55427,0.8005,Isaac G. Bryan,,State Assembly,California,100% (168 of 168) precincts reporting,state-assembly-district-55,30,State Assembly District 55,2022-11-10T13:35:23.438602-08:00
False,Rep,13811,0.1995,Keith Girolamo Cascio,,State Assembly,California,100% (168 of 168) precincts reporting,state-assembly-district-55,30,State Assembly District 55,2022-11-10T13:35:23.438602-08:00
True,Dem,31553,0.5408,Lisa Calderon,,State Assembly,California,100% (256 of 256) precincts reporting,state-assembly-district-56,31,State Assembly District 56,2022-11-10T13:35:23.438602-08:00
False,Rep,26789,0.4592,Jessica Martinez,,State Assembly,California,100% (256 of 256) precincts reporting,state-assembly-district-56,31,State Assembly District 56,2022-11-10T13:35:23.438602-08:00
True,Dem,21620,1.0,Reggie Jones-Sawyer,,State Assembly,California,100% (110 of 110) precincts reporting,state-assembly-district-57,32,State Assembly District 57,2022-11-10T13:35:23.438602-08:00
True,Dem,29799,0.6088,Tina Simone Mckinnor,,State Assembly,California,100% (182 of 182) precincts reporting,state-assembly-district-61,33,State Assembly District 61,2022-11-10T13:35:23.438602-08:00
False,Dem,19146,0.3912,Robert Pullen-Miles,,State Assembly,California,100% (182 of 182) precincts reporting,state-assembly-district-61,33,State Assembly District 61,2022-11-10T13:35:23.438602-08:00
False,Dem,11902,0.3678,Maria Estrada,,State Assembly,California,100% (131 of 131) precincts reporting,state-assembly-district-62,34,State Assembly District 62,2022-11-10T13:35:23.438602-08:00
True,Dem,20457,0.6322,Anthony Rendon,,State Assembly,California,100% (131 of 131) precincts reporting,state-assembly-district-62,34,State Assembly District 62,2022-11-10T13:35:23.438602-08:00
False,Dem,29089,0.5602,Blanca Pacheco,,State Assembly,California,100% (175 of 175) precincts reporting,state-assembly-district-64,35,State Assembly District 64,2022-11-10T13:35:23.438602-08:00
False,Rep,22841,0.4398,"Raul Ortiz, Jr.",,State Assembly,California,100% (175 of 175) precincts reporting,state-assembly-district-64,35,State Assembly District 64,2022-11-10T13:35:23.438602-08:00
True,Dem,24377,0.6441,Mike Anthony Gipson,,State Assembly,California,100% (180 of 180) precincts reporting,state-assembly-district-65,36,State Assembly District 65,2022-11-10T13:35:23.438602-08:00
False,Dem,13469,0.3559,Fatima Iqbal-Zubair,,State Assembly,California,100% (180 of 180) precincts reporting,state-assembly-district-65,36,State Assembly District 65,2022-11-10T13:35:23.438602-08:00
True,Dem,52822,0.5552,Al Muratsuchi,,State Assembly,California,100% (147 of 147) precincts reporting,state-assembly-district-66,37,State Assembly District 66,2022-11-10T13:35:23.438602-08:00
False,Rep,42310,0.4448,George Barks,,State Assembly,California,100% (147 of 147) precincts reporting,state-assembly-district-66,37,State Assembly District 66,2022-11-10T13:35:23.438602-08:00
True,Dem,34014,0.5,Sharon Quirk-Silva,,State Assembly,California,100% (262 of 262) precincts reporting,state-assembly-district-67,38,State Assembly District 67,2022-11-10T13:35:23.438602-08:00
False,Rep,34016,0.5,Soo Yoo,,State Assembly,California,100% (262 of 262) precincts reporting,state-assembly-district-67,38,State Assembly District 67,2022-11-10T13:35:23.438602-08:00
False,Dem,22163,0.4015,Al Austin Ii,,State Assembly,California,100% (139 of 139) precincts reporting,state-assembly-district-69,39,State Assembly District 69,2022-11-10T13:35:23.438602-08:00
False,Dem,33041,0.5985,Josh Lowenthal,,State Assembly,California,100% (139 of 139) precincts reporting,state-assembly-district-69,39,State Assembly District 69,2022-11-10T13:35:23.438602-08:00
False,Dem,34697,0.3937,Derek Marshall,,United States,United States,"100% (1,566 of 1,566) precincts reporting",u-s-house-of-representatives-district-23,3,U.S. House of Representatives District 23,2022-11-10T13:35:23.438602-08:00
True,Rep,53437,0.6063,Jay Obernolte,,United States,United States,"100% (1,566 of 1,566) precincts reporting",u-s-house-of-representatives-district-23,3,U.S. House of Representatives District 23,2022-11-10T13:35:23.438602-08:00
True,Dem,80949,0.5413,Julia Brownley,,United States,United States,"100% (1,253 of 1,253) precincts reporting",u-s-house-of-representatives-district-26,4,U.S. House of Representatives District 26,2022-11-10T13:35:23.438602-08:00
False,Rep,68596,0.4587,Matt Jacobs,,United States,United States,"100% (1,253 of 1,253) precincts reporting",u-s-house-of-representatives-district-26,4,U.S. House of Representatives District 26,2022-11-10T13:35:23.438602-08:00
False,Dem,48285,0.4242,Christy Smith,,United States,United States,100% (468 of 468) precincts reporting,u-s-house-of-representatives-district-27,5,U.S. House of Representatives District 27,2022-11-10T13:35:23.438602-08:00
True,Rep,65545,0.5758,Mike Garcia,,United States,United States,100% (468 of 468) precincts reporting,u-s-house-of-representatives-district-27,5,U.S. House of Representatives District 27,2022-11-10T13:35:23.438602-08:00
True,Dem,74880,0.6278,Judy Chu,,United States,United States,100% (530 of 530) precincts reporting,u-s-house-of-representatives-district-28,6,U.S. House of Representatives District 28,2022-11-10T13:35:23.438602-08:00
False,Rep,44394,0.3722,Wes Hallman,,United States,United States,100% (530 of 530) precincts reporting,u-s-house-of-representatives-district-28,6,U.S. House of Representatives District 28,2022-11-10T13:35:23.438602-08:00
True,Dem,38034,0.6203,Tony Cardenas,,United States,United States,100% (165 of 165) precincts reporting,u-s-house-of-representatives-district-29,7,U.S. House of Representatives District 29,2022-11-10T13:35:23.438602-08:00
False,Dem,23281,0.3797,Angélica María Dueñas,,United States,United States,100% (165 of 165) precincts reporting,u-s-house-of-representatives-district-29,7,U.S. House of Representatives District 29,2022-11-10T13:35:23.438602-08:00
False,Dem,30569,0.2795,"G ""Maebe A. Girl"" Pudlo",,United States,United States,100% (252 of 252) precincts reporting,u-s-house-of-representatives-district-30,8,U.S. House of Representatives District 30,2022-11-10T13:35:23.438602-08:00
True,Dem,78812,0.7205,Adam B. Schiff,,United States,United States,100% (252 of 252) precincts reporting,u-s-house-of-representatives-district-30,8,U.S. House of Representatives District 30,2022-11-10T13:35:23.438602-08:00
True,Dem,47071,0.55,Grace F. Napolitano,,United States,United States,100% (426 of 426) precincts reporting,u-s-house-of-representatives-district-31,9,U.S. House of Representatives District 31,2022-11-10T13:35:23.438602-08:00
False,Rep,38508,0.45,Daniel Bocic Martinez,,United States,United States,100% (426 of 426) precincts reporting,u-s-house-of-representatives-district-31,9,U.S. House of Representatives District 31,2022-11-10T13:35:23.438602-08:00
True,Dem,87290,0.6477,Brad Sherman,,United States,United States,100% (239 of 239) precincts reporting,u-s-house-of-representatives-district-32,10,U.S. House of Representatives District 32,2022-11-10T13:35:23.438602-08:00
False,Rep,47471,0.3523,Lucie Lapointe Volotzky,,United States,United States,100% (239 of 239) precincts reporting,u-s-house-of-representatives-district-32,10,U.S. House of Representatives District 32,2022-11-10T13:35:23.438602-08:00
True,Dem,33263,0.5306,Jimmy Gomez,,United States,United States,100% (174 of 174) precincts reporting,u-s-house-of-representatives-district-34,11,U.S. House of Representatives District 34,2022-11-10T13:35:23.438602-08:00
False,Dem,29429,0.4694,David Kim,,United States,United States,100% (174 of 174) precincts reporting,u-s-house-of-representatives-district-34,11,U.S. House of Representatives District 34,2022-11-10T13:35:23.438602-08:00
True,Dem,33039,0.5575,Norma J. Torres,,United States,United States,100% (437 of 437) precincts reporting,u-s-house-of-representatives-district-35,12,U.S. House of Representatives District 35,2022-11-10T13:35:23.438602-08:00
False,Rep,26220,0.4425,Mike Cargile,,United States,United States,100% (437 of 437) precincts reporting,u-s-house-of-representatives-district-35,12,U.S. House of Representatives District 35,2022-11-10T13:35:23.438602-08:00
True,Dem,98156,0.6484,Ted W. Lieu,,United States,United States,100% (242 of 242) precincts reporting,u-s-house-of-representatives-district-36,13,U.S. House of Representatives District 36,2022-11-10T13:35:23.438602-08:00
False,Rep,53215,0.3516,Joe E. Collins Iii,,United States,United States,100% (242 of 242) precincts reporting,u-s-house-of-representatives-district-36,13,U.S. House of Representatives District 36,2022-11-10T13:35:23.438602-08:00
True,Dem,41540,0.6138,Sydney Kamlager,,United States,United States,100% (203 of 203) precincts reporting,u-s-house-of-representatives-district-37,14,U.S. House of Representatives District 37,2022-11-10T13:35:23.438602-08:00
False,Dem,26140,0.3862,Jan C. Perry,,United States,United States,100% (203 of 203) precincts reporting,u-s-house-of-representatives-district-37,14,U.S. House of Representatives District 37,2022-11-10T13:35:23.438602-08:00
True,Dem,50384,0.5336,Linda T. Sánchez,,United States,United States,100% (317 of 317) precincts reporting,u-s-house-of-representatives-district-38,15,U.S. House of Representatives District 38,2022-11-10T13:35:23.438602-08:00
False,Rep,44043,0.4664,Eric J. Ching,,United States,United States,100% (317 of 317) precincts reporting,u-s-house-of-representatives-district-38,15,U.S. House of Representatives District 38,2022-11-10T13:35:23.438602-08:00
True,Dem,48410,0.638,Robert Garcia,,United States,United States,100% (218 of 218) precincts reporting,u-s-house-of-representatives-district-42,16,U.S. House of Representatives District 42,2022-11-10T13:35:23.438602-08:00
False,Rep,27467,0.362,John Briscoe,,United States,United States,100% (218 of 218) precincts reporting,u-s-house-of-representatives-district-42,16,U.S. House of Representatives District 42,2022-11-10T13:35:23.438602-08:00
True,Dem,49101,0.7388,Maxine Waters,,United States,United States,100% (258 of 258) precincts reporting,u-s-house-of-representatives-district-43,17,U.S. House of Representatives District 43,2022-11-10T13:35:23.438602-08:00
False,Rep,17363,0.2612,Omar Navarro,,United States,United States,100% (258 of 258) precincts reporting,u-s-house-of-representatives-district-43,17,U.S. House of Representatives District 43,2022-11-10T13:35:23.438602-08:00
True,Dem,51441,0.6799,Nanette Diaz Barragan,,United States,United States,100% (258 of 258) precincts reporting,u-s-house-of-representatives-district-44,18,U.S. House of Representatives District 44,2022-11-10T13:35:23.438602-08:00
False,Rep,24221,0.3201,Paul Jones,,United States,United States,100% (258 of 258) precincts reporting,u-s-house-of-representatives-district-44,18,U.S. House of Representatives District 44,2022-11-10T13:35:23.438602-08:00
False,Dem,61878,0.45,Jay F. Chen,,United States,United States,100% (450 of 450) precincts reporting,u-s-house-of-representatives-district-45,19,U.S. House of Representatives District 45,2022-11-10T13:35:23.438602-08:00
True,Rep,75633,0.55,Michelle Steel,,United States,United States,100% (450 of 450) precincts reporting,u-s-house-of-representatives-district-45,19,U.S. House of Representatives District 45,2022-11-10T13:35:23.438602-08:00
False,Dem,2969656,0.5335,Malia M. Cohen,,California,California,"100% (25,554 of 25,554) precincts reporting",controller,4,Controller,2022-11-10T13:35:23.438602-08:00
False,Rep,2596291,0.4665,Lanhee J. Chen,,California,California,"100% (25,554 of 25,554) precincts reporting",controller,4,Controller,2022-11-10T13:35:23.438602-08:00
True,Dem,3200327,0.5745,Eleni Kounalakis,,California,California,"100% (25,554 of 25,554) precincts reporting",lieutenant-governor,2,Lieutenant Governor,2022-11-10T13:35:23.438602-08:00
False,Rep,2370671,0.4255,Angela E. Underwood Jacobs,,California,California,"100% (25,554 of 25,554) precincts reporting",lieutenant-governor,2,Lieutenant Governor,2022-11-10T13:35:23.438602-08:00
False,Non,1743490,0.3749,Lance Ray Christensen,,California,California,"100% (25,554 of 25,554) precincts reporting",superintendent-of-public-instruction,44,Superintendent of Public Instruction,2022-11-10T13:35:23.438602-08:00
True,Non,2907480,0.6251,Tony K. Thurmond,,California,California,"100% (25,554 of 25,554) precincts reporting",superintendent-of-public-instruction,44,Superintendent of Public Instruction,2022-11-10T13:35:23.438602-08:00
True,Dem,3154238,0.5678,Fiona Ma,,California,California,"100% (25,554 of 25,554) precincts reporting",treasurer,5,Treasurer,2022-11-10T13:35:23.438602-08:00
False,Rep,2401146,0.4322,Jack M. Guerrero,,California,California,"100% (25,554 of 25,554) precincts reporting",treasurer,5,Treasurer,2022-11-10T13:35:23.438602-08:00
