raw_name,pdf_name,include,clean_geography,clean_level,clean_name,clean_description,sort_order,incumbent
SUPERINTENDENT OF PUBLIC INSTRUCTION,SUPERINTENDENT OF PUBLIC INSTRUCTION,No,California,California,Superintendent of Public Instruction,,,TONY K. THURMOND
"LOS ANGELES CITY GENERAL MUNICIPAL ELECTION Member of the City Council, 11th District","LOS ANGELES CITY GENERAL MUNICIPAL ELECTION Member of the City Council, 11th District",Yes,Los Angeles,Los Angeles,"City Council, 11th District",,3,
"LOS ANGELES CITY GENERAL MUNICIPAL ELECTION Member of the City Council, 13th District","LOS ANGELES CITY GENERAL MUNICIPAL ELECTION Member of the City Council, 13th District",Yes,Los Angeles,Los Angeles,"City Council, 13th District",,4,MITCH O'FARRELL
"LOS ANGELES CITY GENERAL MUNICIPAL ELECTION Member of the City Council, 15th District","LOS ANGELES CITY GENERAL MUNICIPAL ELECTION Member of the City Council, 15th District",Yes,Los Angeles,Los Angeles,"City Council, 15th District",,5,
"LOS ANGELES CITY GENERAL MUNICIPAL ELECTION Member of the City Council, 5th District","LOS ANGELES CITY GENERAL MUNICIPAL ELECTION Member of the City Council, 5th District",Yes,Los Angeles,Los Angeles,"City Council, 5th District",,2,
LOS ANGELES CITY GENERAL MUNICIPAL ELECTION Controller,LOS ANGELES CITY GENERAL MUNICIPAL ELECTION Controller,Yes,Los Angeles,Los Angeles,LA Controller,,7,
LOS ANGELES CITY GENERAL MUNICIPAL ELECTION City Attorney,LOS ANGELES CITY GENERAL MUNICIPAL ELECTION City Attorney,Yes,Los Angeles,Los Angeles,LA City Attorney,,6,
"LOS ANGELES UNIFIED SCHOOL DISTRICT Member of the Board of Education, District 2","LOS ANGELES UNIFIED SCHOOL DISTRICT Member of the Board of Education, District 002",Yes,Los Angeles Unified School District,Los Angeles,"LAUSD Board of Education, District 2",,8,
"LOS ANGELES UNIFIED SCHOOL DISTRICT Member of the Board of Education, District 6","LOS ANGELES UNIFIED SCHOOL DISTRICT Member of the Board of Education, District 006",Yes,Los Angeles Unified School District,Los Angeles,"LAUSD Board of Education, District 6",,9,
LOS ANGELES CITY GENERAL MUNICIPAL ELECTION Mayor,LOS ANGELES CITY GENERAL MUNICIPAL ELECTION Mayor,Yes,Los Angeles,Los Angeles,Mayor,,1,
LOS ANGELES COMMUNITY COLLEGE DISTRICT SPECIAL ELECTION - MEASURE LA,LOS ANGELES COMMUNITY COLLEGE DISTRICT MEASURE LA,Yes,Los Angeles,Los Angeles,Measure LA: Authorize bonds,Authorize bonds,14,
LOS ANGELES CITY GENERAL MUNICIPAL ELECTION - MEASURE LH,LOS ANGELES CITY INITIATIVE ORDINANCE ULA,Yes,Los Angeles,Los Angeles,Measure LH: Affordable housing,Affordable housing,15,
LOS ANGELES CITY GENERAL MUNICIPAL ELECTION - MEASURE SP,LOS ANGELES CITY PROPOSITION LH,Yes,Los Angeles,Los Angeles,Measure SP: Park improvements,Park improvements,16,
LOS ANGELES CITY GENERAL MUNICIPAL ELECTION - MEASURE ULA,LOS ANGELES CITY PROPOSITION SP,Yes,Los Angeles,Los Angeles,Measure ULA: Mansion tax,Mansion tax,17,
"LOS ANGELES COMMUNITY COLLEGE DISTRICT Member of the Board of Trustees, Seat 2","LOS ANGELES COMMUNITY COLLEGE DISTRICT Member of the Board of Trustees, Seat 002",Yes,Los Angeles Community College District,Los Angeles,"LA Community College District Member of the Board of Trustees, Seat 2",,10,STEVEN VERES
"LOS ANGELES COMMUNITY COLLEGE DISTRICT Member of the Board of Trustees, Seat 4","LOS ANGELES COMMUNITY COLLEGE DISTRICT Member of the Board of Trustees, Seat 004",Yes,Los Angeles Community College District,Los Angeles,"LA Community College District Member of the Board of Trustees, Seat 4",,11,ERNEST H. MORENO
"LOS ANGELES COMMUNITY COLLEGE DISTRICT Member of the Board of Trustees, Seat 6","LOS ANGELES COMMUNITY COLLEGE DISTRICT Member of the Board of Trustees, Seat 006",Yes,Los Angeles Community College District,Los Angeles,"LA Community College District Member of the Board of Trustees, Seat 6",,12,GABRIEL BUELNA
"LOS ANGELES COMMUNITY COLLEGE DISTRICT SPECIAL ELECTION Member of the Board of Trustees, Seat 7 (Unexpired term ending December 13, 2024)","LOS ANGELES COMMUNITY COLLEGE DISTRICT SPECIAL ELECTION Member of the Board of Trustees, Seat 007 (Unexpired term ending December 13, 2024)",Yes,Los Angeles Community College District,Los Angeles,"LA Community College District Member of the Board of Trustees, Seat 7","Unexpired term ending December 13, 2024",13,KELSEY IINO
"ANTELOPE VALLEY-EAST KERN WATER AGENCY Member, Board of Directors, Division 3","ANTELOPE VALLEY-EAST KERN WATER AGENCY Member, Board of Directors, Division 003",Yes,Antelope Valley-East Kern Water Agency,Los Angeles County,"Antelope Valley-East Kern Water Agency Board of Directors, Division 3",,12,FRANK S. DONATO
"CENTRAL BASIN MUNICIPAL WATER DISTRICT Member, Board of Directors, Division 3","CENTRAL BASIN MUNICIPAL WATER DISTRICT Member, Board of Directors, Division 003",Yes,Central Basin Municipal Water District,Los Angeles County,"Central Basin Municipal Water District Board of Directors, Division 3",,13,ARTURO CHACON
"CRESCENTA VALLEY WATER DISTRICT Member, Board of Directors","CRESCENTA VALLEY WATER DISTRICT Member, Board of Directors",Yes,Crescenta Valley Water District,Los Angeles County,Crescenta Valley Water District Board of Directors,,14,"JAMES BODNAR,KERRY ERICKSON"
"LAS VIRGENES MUNICIPAL WATER DISTRICT Member, Board of Directors, Division 3","LAS VIRGENES MUNICIPAL WATER DISTRICT Member, Board of Directors, Division 003",Yes,Las Virgenes Municipal Water District,Los Angeles County,"Las Virgenes Municipal Water District Board of Directors, Division 3",,15,LEE RENGER
COUNTY MEASURE A,COUNTY MEASURE A,Yes,Los Angeles County,Los Angeles County,Measure A: Authority to remove elected sheriff for cause,Authority to remove elected sheriff for cause,9,
COUNTY MEASURE C,COUNTY MEASURE C,Yes,Los Angeles County,Los Angeles County,Measure C: Tax on cannabis businesses in unincorporated areas,Tax on cannabis businesses in unincorporated areas,10,
PASADENA CITY GENERAL MUNICIPAL ELECTION - MEASURE H,PASADENA CITY MEASURE H,Yes,Pasadena,Los Angeles County,Measure H: Impose rent control,Impose rent control,11,
"ORCHARD DALE WATER DISTRICT Member, Board of Directors","ORCHARD DALE WATER DISTRICT Member, Board of Directors",Yes,Orchard Dale Water District,Los Angeles County,Orchard Dale Water District Board of Directors,,20,"DENISE DOLOR,JOSEPH VELASCO III,CHARLES LUAS"
"PALMDALE WATER DISTRICT Member, Board of Directors, Division 2","PALMDALE WATER DISTRICT Member, Board of Directors, Division 002",Yes,Palmdale Water District,Los Angeles County,"Palmdale Water District Board of Directors, Division 2",,21,DON F. WILSON
"ROWLAND WATER DISTRICT Member, Board of Directors, Division 3","ROWLAND WATER DISTRICT Member, Board of Directors, Division 003",Yes,Rowland Water District,Los Angeles County,"Rowland Water District Board of Directors, Division 3",,22,JOHN EDWARD BELLAH
"SANTA CLARITA VALLEY WATER AGENCY Member, Board of Directors, Division 1","SANTA CLARITA VALLEY WATER AGENCY Member, Board of Directors, Division 001",Yes,Santa Clarita Valley Water Agency,Los Angeles County,"Santa Clarita Valley Water Agency Board of Directors, Division 1",,16,BILL COOPER
"SANTA CLARITA VALLEY WATER AGENCY Member, Board of Directors, Division 2","SANTA CLARITA VALLEY WATER AGENCY Member, Board of Directors, Division 002",Yes,Santa Clarita Valley Water Agency,Los Angeles County,"Santa Clarita Valley Water Agency Board of Directors, Division 2",,17,
"SANTA CLARITA VALLEY WATER AGENCY Member, Board of Directors, Division 3","SANTA CLARITA VALLEY WATER AGENCY Member, Board of Directors, Division 003",Yes,Santa Clarita Valley Water Agency,Los Angeles County,"Santa Clarita Valley Water Agency Board of Directors, Division 3",,18,"LYNNE PLAMBECK,MARIA GUTZEIT"
SHERIFF,SHERIFF,Yes,Los Angeles County,Los Angeles County,Sheriff,,1,ALEX VILLANUEVA
JUDGE OF THE SUPERIOR COURT Office No. 118,JUDGE OF THE SUPERIOR COURT Office No. 118,Yes,Los Angeles County,Los Angeles County,Superior Court Judge Office No. 118,,7,
JUDGE OF THE SUPERIOR COURT Office No. 151,JUDGE OF THE SUPERIOR COURT Office No. 151,Yes,Los Angeles County,Los Angeles County,Superior Court Judge Office No. 151,,8,
JUDGE OF THE SUPERIOR COURT Office No. 60,JUDGE OF THE SUPERIOR COURT Office No. 060,Yes,Los Angeles County,Los Angeles County,Superior Court Judge Office No. 60,,3,
JUDGE OF THE SUPERIOR COURT Office No. 67,JUDGE OF THE SUPERIOR COURT Office No. 067,Yes,Los Angeles County,Los Angeles County,Superior Court Judge Office No. 67,,4,
JUDGE OF THE SUPERIOR COURT Office No. 70,JUDGE OF THE SUPERIOR COURT Office No. 070,Yes,Los Angeles County,Los Angeles County,Superior Court Judge Office No. 70,,5,
JUDGE OF THE SUPERIOR COURT Office No. 90,JUDGE OF THE SUPERIOR COURT Office No. 090,Yes,Los Angeles County,Los Angeles County,Superior Court Judge Office No. 90,,6,
SUPERVISOR 3RD DISTRICT,SUPERVISOR 3RD DISTRICT,Yes,Los Angeles County,Los Angeles County,"Supervisor, 3rd District",,2,
"THREE VALLEYS MUNICIPAL WATER DISTRICT Member, Board of Directors, Division 1","THREE VALLEYS MUNICIPAL WATER DISTRICT Member, Board of Directors, Division 001",Yes,Three Valleys Municipal Water District,Los Angeles County,"Three Valleys Municipal Water District Board of Directors, Division 1",,19,CARLOS GOYTIA
"THREE VALLEYS MUNICIPAL WATER DISTRICT Member, Board of Directors, Division 3","THREE VALLEYS MUNICIPAL WATER DISTRICT Member, Board of Directors, Division 003",Yes,Three Valleys Municipal Water District,Los Angeles County,"Three Valleys Municipal Water District Board of Directors, Division 3",,20,BRIAN BOWCOCK
"UPPER SAN GABRIEL VALLEY MUNICIPAL WATER DISTRICT Member, Board of Directors, Division 1","UPPER SAN GABRIEL VALLEY MUNICIPAL WATER DISTRICT Member, Board of Directors, Division 001",Yes,Upper San Gabriel Valley Municipal Water District,Los Angeles County,"Upper San Gabriel Valley Municipal Water District Board of Directors, Division 1",,21,TONY FELLOW
"UPPER SAN GABRIEL VALLEY MUNICIPAL WATER DISTRICT Member, Board of Directors, Division 5","UPPER SAN GABRIEL VALLEY MUNICIPAL WATER DISTRICT Member, Board of Directors, Division 005",Yes,Upper San Gabriel Valley Municipal Water District,Los Angeles County,"Upper San Gabriel Valley Municipal Water District Board of Directors, Division 5",,22,JENNIFER SANTANA
"WALNUT VALLEY WATER DISTRICT Member, Board of Directors, Division 2","WALNUT VALLEY WATER DISTRICT Member, Board of Directors, Division 002",Yes,Walnut Valley Water District,Los Angeles County,"Walnut Valley Water District Board of Directors, Division 2",,23,EDWIN M. HILDEN
"WATER REPLENISHMENT DISTRICT OF SOUTHERN CALIFORNIA Member, Board of Directors, Division 3","WATER REPLENISHMENT DISTRICT OF SOUTHERN CALIFORNIA Member, Board of Directors, Division 003",Yes,Water Replenishment District of Southern California,Los Angeles County,"Water Replenishment District of Southern California Board of Directors, Division 3",,24,JOHN ALLEN
"WATER REPLENISHMENT DISTRICT OF SOUTHERN CALIFORNIA Member, Board of Directors, Division 4","WATER REPLENISHMENT DISTRICT OF SOUTHERN CALIFORNIA Member, Board of Directors, Division 004",Yes,Water Replenishment District of Southern California,Los Angeles County,"Water Replenishment District of Southern California Board of Directors, Division 4",,25,SERGIO JOSEPH CALDERON
"WATER REPLENISHMENT DISTRICT OF SOUTHERN CALIFORNIA Member, Board of Directors, Division 1","WATER REPLENISHMENT DISTRICT OF SOUTHERN CALIFORNIA Member, Board of Directors, Division 001",Yes,Water Replenishment District of Southern California,Los Angeles County,"Water Replenishment District of Southern CaliforniaBoard of Directors, Division 1",,26,JOY LANGFORD
"WEST BASIN MUNICIPAL WATER DISTRICT Member, Board of Directors, Division 1","WEST BASIN MUNICIPAL WATER DISTRICT Member, Board of Directors, Division 001",Yes,West Basin Municipal Water District,Los Angeles County,"West Basin Municipal Water District Board of Directors, Division 1",,27,HAROLD WILLIAMS
"WEST BASIN MUNICIPAL WATER DISTRICT Member, Board of Directors, Division 4","WEST BASIN MUNICIPAL WATER DISTRICT Member, Board of Directors, Division 004",Yes,West Basin Municipal Water District,Los Angeles County,"West Basin Municipal Water District Board of Directors, Division 4",,28,SCOTT HOUSTON
ATTORNEY GENERAL,ATTORNEY GENERAL,No,California,,Attorney General,,,ROB BONTA
"ANTELOPE VALLEY HEALTH CARE DISTRICT Member, Board of Directors","ANTELOPE VALLEY HEALTH CARE DISTRICT Member, Board of Directors",No,Antelope Valley Health Care District,,Board of Directors,,,DON V. PARAZO
"ANTELOPE VALLEY HEALTH CARE DISTRICT SPECIAL ELECTION Member, Board of Directors (Unexpired term ending December 6, 2024)","ANTELOPE VALLEY HEALTH CARE DISTRICT SPECIAL ELECTION Member, Board of Directors (Unexpired term ending December 6, 2024)",No,Antelope Valley Health Care District,,Board of Directors,"Unexpired term ending December 6, 2024",,
"BEACH CITIES HEALTH DISTRICT Member, Board of Directors","BEACH CITIES HEALTH DISTRICT Member, Board of Directors",No,Beach Cities Health District,,Board of Directors,,,"MICHELLE ANNE BHOLAT,NOEL LEE CHUN"
SANTA MONICA-MALIBU UNIFIED SCHOOL DISTRICT Member of the Board of Education,SANTA MONICA-MALIBU UNIFIED SCHOOL DISTRICT Member of the Board of Education,No,Santa Monica-Malibu Unified School District,,Board of Education,,,
"INGLEWOOD UNIFIED SCHOOL DISTRICT Member of the Board of Education, District 1","INGLEWOOD UNIFIED SCHOOL DISTRICT Member of the Board of Education, District 001",No,Inglewood Unified School District,,"Board of Education, District 1",,,
"INGLEWOOD UNIFIED SCHOOL DISTRICT Member of the Board of Education, District 2","INGLEWOOD UNIFIED SCHOOL DISTRICT Member of the Board of Education, District 002",No,Inglewood Unified School District,,"Board of Education, District 2",,,
"INGLEWOOD UNIFIED SCHOOL DISTRICT Member of the Board of Education, District 3","INGLEWOOD UNIFIED SCHOOL DISTRICT Member of the Board of Education, District 003",No,Inglewood Unified School District,,"Board of Education, District 3",,,
"INGLEWOOD UNIFIED SCHOOL DISTRICT SPECIAL ELECTION Member of the Board of Education, District 5 (Unexpired term ending December 16, 2024)","INGLEWOOD UNIFIED SCHOOL DISTRICT SPECIAL ELECTION Member of the Board of Education, District 005 (Unexpired term ending December 16, 2024)",No,Inglewood Unified School District,,"Board of Education, District 5","Unexpired term ending December 16, 2024",,
"PASADENA UNIFIED SCHOOL DISTRICT Board of Education, District No. 1","PASADENA UNIFIED SCHOOL DISTRICT Board of Education, District No. 001",No,Pasadena Unified School District,,"Board of Education, District No. 1",,,
"PASADENA UNIFIED SCHOOL DISTRICT Board of Education, District No. 3","PASADENA UNIFIED SCHOOL DISTRICT Board of Education, District No. 003",No,Pasadena Unified School District,,"Board of Education, District No. 3",,,
"PASADENA UNIFIED SCHOOL DISTRICT Board of Education, District No. 5","PASADENA UNIFIED SCHOOL DISTRICT Board of Education, District No. 005",No,Pasadena Unified School District,,"Board of Education, District No. 5",,,
"PASADENA UNIFIED SCHOOL DISTRICT Board of Education, District No. 7","PASADENA UNIFIED SCHOOL DISTRICT Board of Education, District No. 007",No,Pasadena Unified School District,,"Board of Education, District No. 7",,,
"ALHAMBRA UNIFIED SCHOOL DISTRICT Member, Board of Education, Trustee Area No. 4","ALHAMBRA UNIFIED SCHOOL DISTRICT Member, Board of Education, Trustee Area No. 004",No,Alhambra Unified School District,,"Board of Education, Trustee Area No. 4",,,ROBERT L. GIN
MEMBER STATE BOARD OF EQUALIZATION 3rd District,MEMBER STATE BOARD OF EQUALIZATION 3rd District,No,California,,"Board of Equaliization, 3rd District",,,TONY VAZQUEZ
"LONG BEACH COMMUNITY COLLEGE DISTRICT Member, Board of Trustees, Trustee Area No. 3","LONG BEACH COMMUNITY COLLEGE DISTRICT Member, Board of Trustees, Trustee Area No. 003",No,Long Beach Community College District,,"Board of Trustees, Trustee Area No. 3",,,SUNNY ZIA
"LONG BEACH COMMUNITY COLLEGE DISTRICT Member, Board of Trustees, Trustee Area No. 5","LONG BEACH COMMUNITY COLLEGE DISTRICT Member, Board of Trustees, Trustee Area No. 005",No,Long Beach Community College District,,"Board of Trustees, Trustee Area No. 5",,,VIRGINIA L. BAXTER
For Chief Justice of California - PATRICIA GUERRERO,For Chief Justice of California,No,California,,Chief Justice of the Supreme Court,,,
AZUSA CITY GENERAL MUNICIPAL ELECTION City Clerk,AZUSA CITY GENERAL MUNICIPAL ELECTION City Clerk,No,Azusa,,City Clerk,,,"JEFFREY LAWRENCE CORNEJO, JR."
BALDWIN PARK CITY GENERAL MUNICIPAL ELECTION City Clerk,BALDWIN PARK CITY GENERAL MUNICIPAL ELECTION City Clerk,No,Baldwin Park,,City Clerk,,,
BURBANK CITY GENERAL MUNICIPAL ELECTION City Clerk,BURBANK CITY GENERAL MUNICIPAL ELECTION City Clerk,No,Burbank,,City Clerk,,,
CARSON CITY GENERAL MUNICIPAL ELECTION City Clerk,CARSON CITY GENERAL MUNICIPAL ELECTION City Clerk,No,Carson,,City Clerk,,,KHALEAH BRADSHAW
EL MONTE CITY GENERAL MUNICIPAL ELECTION City Clerk,EL MONTE CITY GENERAL MUNICIPAL ELECTION City Clerk,No,El Monte,,City Clerk,,,CATHERINE A. EREDIA
HAWTHORNE CITY GENERAL MUNICIPAL ELECTION City Clerk,HAWTHORNE CITY GENERAL MUNICIPAL ELECTION City Clerk,No,Hawthorne,,City Clerk,,,
LAWNDALE CITY GENERAL MUNICIPAL ELECTION City Clerk,LAWNDALE CITY GENERAL MUNICIPAL ELECTION City Clerk,No,Lawndale,,City Clerk,,,ERICA HARBISON
"MAYWOOD CITY GENERAL MUNICIPAL ELECTION City Clerk (Unexpired term ending December 1, 2024)","MAYWOOD CITY GENERAL MUNICIPAL ELECTION City Clerk (Unexpired term ending December 1, 2024)",No,Maywood,,City Clerk,"Unexpired term ending December 1, 2024",,
MONTEREY PARK CITY GENERAL MUNICIPAL ELECTION City Clerk,MONTEREY PARK CITY GENERAL MUNICIPAL ELECTION City Clerk,No,Monterey Park,,City Clerk,,,
SAN GABRIEL CITY GENERAL MUNICIPAL ELECTION City Clerk,SAN GABRIEL CITY GENERAL MUNICIPAL ELECTION City Clerk,No,San Gabriel,,City Clerk,,,"THU ""JULIE"" NGUYEN"
SIGNAL HILL CITY GENERAL MUNICIPAL ELECTION City Clerk,SIGNAL HILL CITY GENERAL MUNICIPAL ELECTION City Clerk,No,Signal Hill,,City Clerk,,,CARMEN BROOKS
SOUTH GATE CITY GENERAL MUNICIPAL ELECTION City Clerk,SOUTH GATE CITY GENERAL MUNICIPAL ELECTION City Clerk,No,South Gate,,City Clerk,,,YODIT GLAZE
WEST COVINA CITY GENERAL MUNICIPAL ELECTION City Clerk,WEST COVINA CITY GENERAL MUNICIPAL ELECTION City Clerk,No,West Covina,,City Clerk,,,NICKOLAS LEWIS
AGOURA HILLS CITY GENERAL MUNICIPAL ELECTION Member of the City Council,AGOURA HILLS CITY GENERAL MUNICIPAL ELECTION Member of the City Council,No,Agoura Hills,,City Council,,,"DEBORAH KLEIN LOPEZ,CHRIS ANSTEAD"
ARTESIA CITY GENERAL MUNICIPAL ELECTION Member of the City Council,ARTESIA CITY GENERAL MUNICIPAL ELECTION Member of the City Council,No,Artesia,,City Council,,,"MELISSA RAMOSO,ALI TAJ,RENE J. TREVINO"
AZUSA CITY GENERAL MUNICIPAL ELECTION Member of the City Council,AZUSA CITY GENERAL MUNICIPAL ELECTION Member of the City Council,No,Azusa,,City Council,,,"EDWARD J. ALVAREZ,ANDREW N. MENDEZ"
"AZUSA CITY GENERAL MUNICIPAL ELECTION Member of the City Council (Unexpired term ending November 12, 2024)","AZUSA CITY GENERAL MUNICIPAL ELECTION Member of the City Council (Unexpired term ending November 12, 2024)",No,Azusa,,City Council,"Unexpired term ending November 12, 2024",,DENNIS BECKWITH
BALDWIN PARK CITY GENERAL MUNICIPAL ELECTION Member of the City Council,BALDWIN PARK CITY GENERAL MUNICIPAL ELECTION Member of the City Council,No,Baldwin Park,,City Council,,,"ALEJANDRA AVILA,PAUL C. HERNANDEZ"
BELL GARDENS CITY GENERAL MUNICIPAL ELECTION Member of the City Council,BELL GARDENS CITY GENERAL MUNICIPAL ELECTION Member of the City Council,No,Bell Gardens,,City Council,,,"MARCO BARCENA,ALEJANDRA CORTEZ,LISSETH FLORES-FRANCO"
BURBANK CITY GENERAL MUNICIPAL ELECTION Member of the City Council,BURBANK CITY GENERAL MUNICIPAL ELECTION Member of the City Council,No,Burbank,,City Council,,,SHARON SPRINGER
CALABASAS CITY GENERAL MUNICIPAL ELECTION Member of the City Council,CALABASAS CITY GENERAL MUNICIPAL ELECTION Member of the City Council,No,Calabasas,,City Council,,,"DAVID J. SHAPIRO,JAMES R. BOZAJIAN"
CUDAHY CITY GENERAL MUNICIPAL ELECTION Member of the City Council,CUDAHY CITY GENERAL MUNICIPAL ELECTION Member of the City Council,No,Cudahy,,City Council,,,BLANCA LOZOYA
CULVER CITY GENERAL MUNICIPAL ELECTION Member of the City Council,CULVER CITY GENERAL MUNICIPAL ELECTION Member of the City Council,No,Culver City,,City Council,,,"HARDEN ALEXANDER ""ALEX"" FISCH"
EL SEGUNDO CITY GENERAL MUNICIPAL ELECTION Member of the City Council,EL SEGUNDO CITY GENERAL MUNICIPAL ELECTION Member of the City Council,No,El Segundo,,City Council,,,CHRISTOPHER PIMENTEL
HAWAIIAN GARDENS CITY GENERAL MUNICIPAL ELECTION Member of the City Council,HAWAIIAN GARDENS CITY GENERAL MUNICIPAL ELECTION Member of the City Council,No,Hawaiian Gardens,,City Council,,,"LUIS ROA,MARIA TERESA DEL RIO,JESSE ALVARADO"
"HAWAIIAN GARDENS CITY GENERAL MUNICIPAL ELECTION Member of the City Council (Unexpired term ending November 5, 2024)","HAWAIIAN GARDENS CITY GENERAL MUNICIPAL ELECTION Member of the City Council (Unexpired term ending November 5, 2024)",No,Hawaiian Gardens,,City Council,"Unexpired term ending November 5, 2024",,MICHAEL GOMEZ
HAWTHORNE CITY GENERAL MUNICIPAL ELECTION Member of the City Council,HAWTHORNE CITY GENERAL MUNICIPAL ELECTION Member of the City Council,No,Hawthorne,,City Council,,,"ALEXANDRE ""ALEX"" MONTEIRO"
HERMOSA BEACH CITY GENERAL MUNICIPAL ELECTION Member of the City Council,HERMOSA BEACH CITY GENERAL MUNICIPAL ELECTION Member of the City Council,No,Hermosa Beach,,City Council,,,RAYMOND A. JACKSON
HIDDEN HILLS CITY GENERAL MUNICIPAL ELECTION Member of the City Council,HIDDEN HILLS CITY GENERAL MUNICIPAL ELECTION Member of the City Council,No,Hidden Hills,,City Council,,,"LARRY G. WEBER,LAURA MCCORKINDALE"
IRWINDALE CITY GENERAL MUNICIPAL ELECTION Member of the City Council,IRWINDALE CITY GENERAL MUNICIPAL ELECTION Member of the City Council,No,Irwindale,,City Council,,,"ALBERT F. ""ALBIE"" AMBRIZ,HECTOR ""MANUEL"" ORTIZ"
LA PUENTE CITY GENERAL MUNICIPAL ELECTION Member of the City Council,LA PUENTE CITY GENERAL MUNICIPAL ELECTION Member of the City Council,No,La Puente,,City Council,,,"VALERIE MUÑOZ,CHARLIE KLINAKIS"
"LA PUENTE CITY SPECIAL MUNICIPAL ELECTION Member of the City Council (Unexpired term ending December 10, 2024)","LA PUENTE CITY SPECIAL MUNICIPAL ELECTION Member of the City Council (Unexpired term ending December 10, 2024)",No,La Puente,,City Council,"Unexpired term ending December 10, 2024",,NADIA MENDOZA
LAWNDALE CITY GENERAL MUNICIPAL ELECTION Member of the City Council,LAWNDALE CITY GENERAL MUNICIPAL ELECTION Member of the City Council,No,Lawndale,,City Council,,,"PAT KEARNEY,BERNADETTE LOURDES SUAREZ"
LYNWOOD CITY GENERAL MUNICIPAL ELECTION Member of the City Council,LYNWOOD CITY GENERAL MUNICIPAL ELECTION Member of the City Council,No,Lynwood,,City Council,,,
MALIBU CITY GENERAL MUNICIPAL ELECTION Member of the City Council,MALIBU CITY GENERAL MUNICIPAL ELECTION Member of the City Council,No,Malibu,,City Council,,,
MANHATTAN BEACH CITY GENERAL MUNICIPAL ELECTION Member of the City Council,MANHATTAN BEACH CITY GENERAL MUNICIPAL ELECTION Member of the City Council,No,Manhattan Beach,,City Council,,,SUZANNE HADLEY
MAYWOOD CITY GENERAL MUNICIPAL ELECTION Member of the City Council,MAYWOOD CITY GENERAL MUNICIPAL ELECTION Member of the City Council,No,Maywood,,City Council,,,"EDUARDO ""EDDIE"" DE LA RIVA,HEBER MARQUEZ"
NORWALK CITY GENERAL MUNICIPAL ELECTION Member of the City Council,NORWALK CITY GENERAL MUNICIPAL ELECTION Member of the City Council,No,Norwalk,,City Council,,,"JENNIFER PEREZ,TONY AYALA"
PALOS VERDES ESTATES CITY GENERAL MUNICIPAL ELECTION Member of the City Council,PALOS VERDES ESTATES CITY GENERAL MUNICIPAL ELECTION Member of the City Council,No,Palos Verdes Estates,,City Council,,,"MICHAEL KEMPS,DAVID MCGOWAN,VICTORIA A. LOZZI"
PICO RIVERA CITY GENERAL MUNICIPAL ELECTION Member of the City Council,PICO RIVERA CITY GENERAL MUNICIPAL ELECTION Member of the City Council,No,Pico Rivera,,City Council,,,"GUSTAVO V. CAMACHO,RAUL ELIAS"
RANCHO PALOS VERDES CITY GENERAL MUNICIPAL ELECTION Member of the City Council,RANCHO PALOS VERDES CITY GENERAL MUNICIPAL ELECTION Member of the City Council,No,Rancho Palos Verdes,,City Council,,,
ROLLING HILLS CITY GENERAL MUNICIPAL ELECTION Member of the City Council,ROLLING HILLS CITY GENERAL MUNICIPAL ELECTION Member of the City Council,No,Rolling Hills,,City Council,,,"PAT WILSON,LEAH MIRSCH"
SAN FERNANDO CITY GENERAL MUNICIPAL ELECTION Member of the City Council,SAN FERNANDO CITY GENERAL MUNICIPAL ELECTION Member of the City Council,No,San Fernando,,City Council,,,SYLVIA BALLIN
SAN GABRIEL CITY GENERAL MUNICIPAL ELECTION Member of the City Council,SAN GABRIEL CITY GENERAL MUNICIPAL ELECTION Member of the City Council,No,San Gabriel,,City Council,,,"JOHN WU,CARINA RIVERA,DENISE MENCHACA"
SAN MARINO CITY GENERAL MUNICIPAL ELECTION Member of the City Council,SAN MARINO CITY GENERAL MUNICIPAL ELECTION Member of the City Council,No,San Marino,,City Council,,,GRETCHEN SHEPHERD ROMEY
SANTA CLARITA CITY GENERAL MUNICIPAL ELECTION Member of the City Council,SANTA CLARITA CITY GENERAL MUNICIPAL ELECTION Member of the City Council,No,Santa Clarita,,City Council,,,"BILL MIRANDA,MARSHA MCLEAN,"
SANTA MONICA CITY GENERAL MUNICIPAL ELECTION Member of the City Council,SANTA MONICA CITY GENERAL MUNICIPAL ELECTION Member of the City Council,No,Santa Monica,,City Council,,,LANA NEGRETE
SANTA FE SPRINGS CITY GENERAL MUNICIPAL ELECTION Member of the City Council,SANTA FE SPRINGS CITY GENERAL MUNICIPAL ELECTION Member of the City Council,No,Sante Fe Springs,,City Council,,,"ANNETTE RODRIGUEZ,JOHN MORA,JUANITA MARTIN"
SIERRA MADRE CITY GENERAL MUNICIPAL ELECTION Member of the City Council,SIERRA MADRE CITY GENERAL MUNICIPAL ELECTION Member of the City Council,No,Sierra Madre,,City Council,,,EDWARD GARCIA
SIGNAL HILL CITY GENERAL MUNICIPAL ELECTION Member of the City Council,SIGNAL HILL CITY GENERAL MUNICIPAL ELECTION Member of the City Council,No,Signal Hill,,City Council,,,"KEIR JONES,TINA L. HANSEN"
SOUTH EL MONTE CITY GENERAL MUNICIPAL ELECTION Member of the City Council,SOUTH EL MONTE CITY GENERAL MUNICIPAL ELECTION Member of the City Council,No,South El Monte,,City Council,,,"MANUEL ""MANNY"" ACOSTA"
SOUTH GATE CITY GENERAL MUNICIPAL ELECTION Member of the City Council,SOUTH GATE CITY GENERAL MUNICIPAL ELECTION Member of the City Council,No,South Gate,,City Council,,,
WEST HOLLYWOOD CITY GENERAL MUNICIPAL ELECTION Member of the City Council,WEST HOLLYWOOD CITY GENERAL MUNICIPAL ELECTION Member of the City Council,No,West Hollywood,,City Council,,,"LAUREN MEISTER,"
WESTLAKE VILLAGE CITY GENERAL MUNICIPAL ELECTION Member of the City Council,WESTLAKE VILLAGE CITY GENERAL MUNICIPAL ELECTION Member of the City Council,No,Westlake Village,,City Council,,,"RAY PEARL,SUSAN MCSWEENEY,BRAD HALPERN"
"ALHAMBRA CITY GENERAL MUNICIPAL ELECTION Member of the City Council, First District","ALHAMBRA CITY GENERAL MUNICIPAL ELECTION Member of the City Council, First District",No,Alhambra,,"City Council, 1st District",,,KATHERINE LEE
"BELLFLOWER CITY GENERAL MUNICIPAL ELECTION Member of the City Council, 1st District","BELLFLOWER CITY GENERAL MUNICIPAL ELECTION Member of the City Council, 1st District",No,Bellflower,,"City Council, 1st District",,,RAYMOND Y. HAMADA
"DIAMOND BAR CITY GENERAL MUNICIPAL ELECTION Member of the City Council, 1st District","DIAMOND BAR CITY GENERAL MUNICIPAL ELECTION Member of the City Council, 1st District",No,Diamond Bar,,"City Council, 1st District",,,STEVE TYE
"DUARTE CITY GENERAL MUNICIPAL ELECTION Member of the City Council, 1st District","DUARTE CITY GENERAL MUNICIPAL ELECTION Member of the City Council, 1st District",No,Duarte,,"City Council, 1st District",,,MARGARET E. FINLAY
"INGLEWOOD CITY GENERAL MUNICIPAL ELECTION Member of the City Council, 1st District","INGLEWOOD CITY GENERAL MUNICIPAL ELECTION Member of the City Council, 1st District",No,Inglewood,,"City Council, 1st District",,,GEORGE W. DOTSON
"MONTEBELLO CITY GENERAL MUNICIPAL ELECTION Member of the City Council, 1st District","MONTEBELLO CITY GENERAL MUNICIPAL ELECTION Member of the City Council, 1st District",No,Montebello,,"City Council, 1st District",,,
"MONTEREY PARK CITY GENERAL MUNICIPAL ELECTION Member of the City Council, 1st District","MONTEREY PARK CITY GENERAL MUNICIPAL ELECTION Member of the City Council, 1st District",No,Monterey Park,,"City Council, 1st District",,,
"ALHAMBRA CITY GENERAL MUNICIPAL ELECTION Member of the City Council, Second District","ALHAMBRA CITY GENERAL MUNICIPAL ELECTION Member of the City Council, Second District",No,Alhambra,,"City Council, 2nd District",,,ROSS J. MAZA
"ARCADIA CITY GENERAL MUNICIPAL ELECTION Member of the City Council, 2nd District","ARCADIA CITY GENERAL MUNICIPAL ELECTION Member of the City Council, 2nd District",No,Arcadia,,"City Council, 2nd District",,,
"CARSON CITY GENERAL MUNICIPAL ELECTION Member of the City Council, 2nd District","CARSON CITY GENERAL MUNICIPAL ELECTION Member of the City Council, 2nd District",No,Carson,,"City Council, 2nd District",,,JIM DEAR
"CLAREMONT CITY GENERAL MUNICIPAL ELECTION Member of the City Council, 2nd District","CLAREMONT CITY GENERAL MUNICIPAL ELECTION Member of the City Council, 2nd District",No,Claremont,,"City Council, 2nd District",,,ED REECE
"EL MONTE CITY GENERAL MUNICIPAL ELECTION Member of the City Council, 2nd District","EL MONTE CITY GENERAL MUNICIPAL ELECTION Member of the City Council, 2nd District",No,El Monte,,"City Council, 2nd District",,,MARTIN HERRERA
"INGLEWOOD CITY GENERAL MUNICIPAL ELECTION Member of the City Council, 2nd District","INGLEWOOD CITY GENERAL MUNICIPAL ELECTION Member of the City Council, 2nd District",No,Inglewood,,"City Council, 2nd District",,,ALEX PADILLA
"MONTEBELLO CITY GENERAL MUNICIPAL ELECTION Member of the City Council, 2nd District (Unexpired term ending November 5, 2024)","MONTEBELLO CITY GENERAL MUNICIPAL ELECTION Member of the City Council, 2nd District (Unexpired term ending November 5, 2024)",No,Montebello,,"City Council, 2nd District","Unexpired term ending November 5, 2024",,SCARLET PERALTA
"POMONA CITY GENERAL MUNICIPAL ELECTION Member of the City Council, 2nd District","POMONA CITY GENERAL MUNICIPAL ELECTION Member of the City Council, 2nd District",No,Pomona,,"City Council, 2nd District",,,VICTOR PRECIADO
"WEST COVINA CITY GENERAL MUNICIPAL ELECTION Member of the City Council, 2nd District","WEST COVINA CITY GENERAL MUNICIPAL ELECTION Member of the City Council, 2nd District",No,West Covina,,"City Council, 2nd District",,,LETTY LOPEZ
"ARCADIA CITY GENERAL MUNICIPAL ELECTION Member of the City Council, 3rd District","ARCADIA CITY GENERAL MUNICIPAL ELECTION Member of the City Council, 3rd District",No,Arcadia,,"City Council, 3rd District",,,
"CLAREMONT CITY GENERAL MUNICIPAL ELECTION Member of the City Council, 3rd District","CLAREMONT CITY GENERAL MUNICIPAL ELECTION Member of the City Council, 3rd District",No,Claremont,,"City Council, 3rd District",,,JENNIFER STARK
"DIAMOND BAR CITY GENERAL MUNICIPAL ELECTION Member of the City Council, 3rd District","DIAMOND BAR CITY GENERAL MUNICIPAL ELECTION Member of the City Council, 3rd District",No,Diamond Bar,,"City Council, 3rd District",,,ANDREW CHOU
"EL MONTE CITY GENERAL MUNICIPAL ELECTION Member of the City Council, 3rd District","EL MONTE CITY GENERAL MUNICIPAL ELECTION Member of the City Council, 3rd District",No,El Monte,,"City Council, 3rd District",,,
"LONG BEACH CITY GENERAL MUNICIPAL ELECTION Member of the City Council, 3rd District","LONG BEACH CITY GENERAL MUNICIPAL ELECTION Member of the City Council, 3rd District",No,Long Beach,,"City Council, 3rd District",,,
"MONTEBELLO CITY GENERAL MUNICIPAL ELECTION Member of the City Council, 3rd District","MONTEBELLO CITY GENERAL MUNICIPAL ELECTION Member of the City Council, 3rd District",No,Montebello,,"City Council, 3rd District",,,SALVADOR MELENDEZ
"MONTEREY PARK CITY SPECIAL MUNICIPAL ELECTION Member of the City Council, 3rd District (Unexpired term ending November 5, 2024)","MONTEREY PARK CITY SPECIAL MUNICIPAL ELECTION Member of the City Council, 3rd District (Unexpired term ending November 5, 2024)",No,Monterey Park,,"City Council, 3rd District","Unexpired term ending November 5, 2024",,
"PALMDALE CITY GENERAL MUNICIPAL ELECTION Member of the City Council, 3rd District","PALMDALE CITY GENERAL MUNICIPAL ELECTION Member of the City Council, 3rd District",No,Palmdale,,"City Council, 3rd District",,,LAURA BETTENCOURT
"POMONA CITY GENERAL MUNICIPAL ELECTION Member of the City Council, 3rd District","POMONA CITY GENERAL MUNICIPAL ELECTION Member of the City Council, 3rd District",No,Pomona,,"City Council, 3rd District",,,NORA GARCIA
"CARSON CITY GENERAL MUNICIPAL ELECTION Member of the City Council, 4th District","CARSON CITY GENERAL MUNICIPAL ELECTION Member of the City Council, 4th District",No,Carson,,"City Council, 4th District",,,ARLEEN BOCATIJA ROJAS
"CLAREMONT CITY GENERAL MUNICIPAL ELECTION Member of the City Council, 4th District","CLAREMONT CITY GENERAL MUNICIPAL ELECTION Member of the City Council, 4th District",No,Claremont,,"City Council, 4th District",,,JED LEANO
"DIAMOND BAR CITY GENERAL MUNICIPAL ELECTION Member of the City Council, 4th District","DIAMOND BAR CITY GENERAL MUNICIPAL ELECTION Member of the City Council, 4th District",No,Diamond Bar,,"City Council, 4th District",,,
"DUARTE CITY GENERAL MUNICIPAL ELECTION Member of the City Council, 4th District","DUARTE CITY GENERAL MUNICIPAL ELECTION Member of the City Council, 4th District",No,Duarte,,"City Council, 4th District",,,
"MONTEBELLO CITY GENERAL MUNICIPAL ELECTION Member of the City Council, 4th District (Unexpired term ending November 5, 2024)","MONTEBELLO CITY GENERAL MUNICIPAL ELECTION Member of the City Council, 4th District (Unexpired term ending November 5, 2024)",No,Montebello,,"City Council, 4th District","Unexpired term ending November 5, 2024",,DAVID TORRES
"PALMDALE CITY GENERAL MUNICIPAL ELECTION Member of the City Council, 4th District","PALMDALE CITY GENERAL MUNICIPAL ELECTION Member of the City Council, 4th District",No,Palmdale,,"City Council, 4th District",,,
"SOUTH PASADENA CITY GENERAL MUNICIPAL ELECTION Member of the City Council, 4th District","SOUTH PASADENA CITY GENERAL MUNICIPAL ELECTION Member of the City Council, 4th District",No,South Pasadena,,"City Council, 4th District",,,
"WEST COVINA CITY GENERAL MUNICIPAL ELECTION Member of the City Council, 4th District","WEST COVINA CITY GENERAL MUNICIPAL ELECTION Member of the City Council, 4th District",No,West Covina,,"City Council, 4th District",,,
"ALHAMBRA CITY GENERAL MUNICIPAL ELECTION Member of the City Council, Fifth District","ALHAMBRA CITY GENERAL MUNICIPAL ELECTION Member of the City Council, Fifth District",No,Alhambra,,"City Council, 5th District",,,ADELE ANDRADE-STADLER
"ARCADIA CITY GENERAL MUNICIPAL ELECTION Member of the City Council, 5th District","ARCADIA CITY GENERAL MUNICIPAL ELECTION Member of the City Council, 5th District",No,Arcadia,,"City Council, 5th District",,,MICHAEL DANIELSON
"BELLFLOWER CITY GENERAL MUNICIPAL ELECTION Member of the City Council, 5th District","BELLFLOWER CITY GENERAL MUNICIPAL ELECTION Member of the City Council, 5th District",No,Bellflower,,"City Council, 5th District",,,RAY DUNTON
"DUARTE CITY GENERAL MUNICIPAL ELECTION Member of the City Council, 5th District","DUARTE CITY GENERAL MUNICIPAL ELECTION Member of the City Council, 5th District",No,Duarte,,"City Council, 5th District",,,SAMUEL KANG
"EL MONTE CITY GENERAL MUNICIPAL ELECTION Member of the City Council, 5th District","EL MONTE CITY GENERAL MUNICIPAL ELECTION Member of the City Council, 5th District",No,El Monte,,"City Council, 5th District",,,
"LONG BEACH CITY GENERAL MUNICIPAL ELECTION Member of the City Council, 5th District","LONG BEACH CITY GENERAL MUNICIPAL ELECTION Member of the City Council, 5th District",No,Long Beach,,"City Council, 5th District",,,
"MONTEBELLO CITY GENERAL MUNICIPAL ELECTION Member of the City Council, 5th District","MONTEBELLO CITY GENERAL MUNICIPAL ELECTION Member of the City Council, 5th District",No,Montebello,,"City Council, 5th District",,,ANGIE JIMENEZ
"MONTEREY PARK CITY GENERAL MUNICIPAL ELECTION Member of the City Council, 5th District","MONTEREY PARK CITY GENERAL MUNICIPAL ELECTION Member of the City Council, 5th District",No,Monterey Park,,"City Council, 5th District",,,
"PALMDALE CITY GENERAL MUNICIPAL ELECTION Member of the City Council, 5th District","PALMDALE CITY GENERAL MUNICIPAL ELECTION Member of the City Council, 5th District",No,Palmdale,,"City Council, 5th District",,,
"POMONA CITY GENERAL MUNICIPAL ELECTION Member of the City Council, 5th District","POMONA CITY GENERAL MUNICIPAL ELECTION Member of the City Council, 5th District",No,Pomona,,"City Council, 5th District",,,STEVE LUSTRO
"SOUTH PASADENA CITY GENERAL MUNICIPAL ELECTION Member of the City Council, 5th District","SOUTH PASADENA CITY GENERAL MUNICIPAL ELECTION Member of the City Council, 5th District",No,South Pasadena,,"City Council, 5th District",,,
"WEST COVINA CITY GENERAL MUNICIPAL ELECTION Member of the City Council, 5th District","WEST COVINA CITY GENERAL MUNICIPAL ELECTION Member of the City Council, 5th District",No,West Covina,,"City Council, 5th District",,,TONY WU
"DUARTE CITY GENERAL MUNICIPAL ELECTION Member of the City Council, 6th District","DUARTE CITY GENERAL MUNICIPAL ELECTION Member of the City Council, 6th District",No,Duarte,,"City Council, 6th District",,,CESAR ANDRES GARCIA
"EL MONTE CITY GENERAL MUNICIPAL ELECTION Member of the City Council, 6th District","EL MONTE CITY GENERAL MUNICIPAL ELECTION Member of the City Council, 6th District",No,El Monte,,"City Council, 6th District",,,
"LONG BEACH CITY GENERAL MUNICIPAL ELECTION Member of the City Council, 9th District","LONG BEACH CITY GENERAL MUNICIPAL ELECTION Member of the City Council, 9th District",No,Long Beach,,"City Council, 9th District",,,
"DOWNEY CITY GENERAL MUNICIPAL ELECTION Council Member, District 2","DOWNEY CITY GENERAL MUNICIPAL ELECTION Council Member, District 002",No,Downey,,"City Council, District 2",,,
"DOWNEY CITY GENERAL MUNICIPAL ELECTION Council Member, District 4","DOWNEY CITY GENERAL MUNICIPAL ELECTION Council Member, District 004",No,Downey,,"City Council, District 4",,,CLAUDIA M. FROMETA
AZUSA CITY GENERAL MUNICIPAL ELECTION City Treasurer,AZUSA CITY GENERAL MUNICIPAL ELECTION City Treasurer,No,Azusa,,City Treasurer,,,"ARTHUR M. VASQUEZ, JR."
BALDWIN PARK CITY GENERAL MUNICIPAL ELECTION City Treasurer,BALDWIN PARK CITY GENERAL MUNICIPAL ELECTION City Treasurer,No,Baldwin Park,,City Treasurer,,,
BURBANK CITY GENERAL MUNICIPAL ELECTION City Treasurer,BURBANK CITY GENERAL MUNICIPAL ELECTION City Treasurer,No,Burbank,,City Treasurer,,,KRYSTLE PALMER
CARSON CITY GENERAL MUNICIPAL ELECTION City Treasurer,CARSON CITY GENERAL MUNICIPAL ELECTION City Treasurer,No,Carson,,City Treasurer,,,MONICA COOPER
EL MONTE CITY GENERAL MUNICIPAL ELECTION City Treasurer,EL MONTE CITY GENERAL MUNICIPAL ELECTION City Treasurer,No,El Monte,,City Treasurer,,,VIVIANA LONGORIA
HAWTHORNE CITY GENERAL MUNICIPAL ELECTION City Treasurer,HAWTHORNE CITY GENERAL MUNICIPAL ELECTION City Treasurer,No,Hawthorne,,City Treasurer,,,GREGORY A. FALLON
MONTEBELLO CITY GENERAL MUNICIPAL ELECTION City Treasurer,MONTEBELLO CITY GENERAL MUNICIPAL ELECTION City Treasurer,No,Montebello,,City Treasurer,,,
MONTEREY PARK CITY GENERAL MUNICIPAL ELECTION City Treasurer,MONTEREY PARK CITY GENERAL MUNICIPAL ELECTION City Treasurer,No,Monterey Park,,City Treasurer,,,
SAN GABRIEL CITY GENERAL MUNICIPAL ELECTION City Treasurer,SAN GABRIEL CITY GENERAL MUNICIPAL ELECTION City Treasurer,No,San Gabriel,,City Treasurer,,,KEVIN B. SAWKINS
SIGNAL HILL CITY GENERAL MUNICIPAL ELECTION City Treasurer,SIGNAL HILL CITY GENERAL MUNICIPAL ELECTION City Treasurer,No,Signal Hill,,City Treasurer,,,DAVID HOPPER
SOUTH GATE CITY GENERAL MUNICIPAL ELECTION City Treasurer,SOUTH GATE CITY GENERAL MUNICIPAL ELECTION City Treasurer,No,South Gate,,City Treasurer,,,GREG MARTINEZ
SOUTH PASADENA CITY GENERAL MUNICIPAL ELECTION City Treasurer,SOUTH PASADENA CITY GENERAL MUNICIPAL ELECTION City Treasurer,No,South Pasadena,,City Treasurer,,,
WEST COVINA CITY GENERAL MUNICIPAL ELECTION City Treasurer,WEST COVINA CITY GENERAL MUNICIPAL ELECTION City Treasurer,No,West Covina,,City Treasurer,,,COLLEEN B. ROZATTI
CONTROLLER,CONTROLLER,No,California,,Controller,,,
BALDWIN PARK UNIFIED SCHOOL DISTRICT Governing Board Member,BALDWIN PARK UNIFIED SCHOOL DISTRICT Governing Board Member,No,Baldwin Park Unified School District,,Governing Board Member,,,DEANNA CORONADO ROBLES
BASSETT UNIFIED SCHOOL DISTRICT Governing Board Member,BASSETT UNIFIED SCHOOL DISTRICT Governing Board Member,No,Bassett Unified School District,,Governing Board Member,,,"PATRICE STANZIONE,DOLORES CASTRO RIVERA"
BELLFLOWER UNIFIED SCHOOL DISTRICT Governing Board Member,BELLFLOWER UNIFIED SCHOOL DISTRICT Governing Board Member,No,Bellflower Unified School District,,Governing Board Member,,,"RENITA ARMSTRONG,TOMAS IVENS,RICHARD O. DOWNING"
BEVERLY HILLS UNIFIED SCHOOL DISTRICT Governing Board Member,BEVERLY HILLS UNIFIED SCHOOL DISTRICT Governing Board Member,No,Beverly Hills Unified School District,,Governing Board Member,,,RACHELLE MARCUS
"BONITA UNIFIED SCHOOL DISTRICT SPECIAL ELECTION Governing Board Member (Unexpired term ending December 13, 2024)","BONITA UNIFIED SCHOOL DISTRICT SPECIAL ELECTION Governing Board Member (Unexpired term ending December 13, 2024)",No,Bonita Unified School District,,Governing Board Member,"Unexpired term ending December 13, 2024",,
BURBANK UNIFIED SCHOOL DISTRICT Governing Board Member,BURBANK UNIFIED SCHOOL DISTRICT Governing Board Member,No,Burbank Unified School District,,Governing Board Member,,,CHARLENE TABET
CULVER CITY UNIFIED SCHOOL DISTRICT Governing Board Member,CULVER CITY UNIFIED SCHOOL DISTRICT Governing Board Member,No,Culver City Unified School District,,Governing Board Member,SUMMER MCBRIDE,,
"DUARTE UNIFIED SCHOOL DISTRICT SPECIAL ELECTION Governing Board Member (Unexpired term ending December 13, 2024)","DUARTE UNIFIED SCHOOL DISTRICT SPECIAL ELECTION Governing Board Member (Unexpired term ending December 13, 2024)",No,Duarte Unified School District,,Governing Board Member,"Unexpired term ending December 13, 2024",,
EL MONTE CITY SCHOOL DISTRICT Governing Board Member,EL MONTE CITY SCHOOL DISTRICT Governing Board Member,No,El Monte City School District,,Governing Board Member,,,LISETTE IDALIA MENDEZ
EL RANCHO UNIFIED SCHOOL DISTRICT Governing Board Member,EL RANCHO UNIFIED SCHOOL DISTRICT Governing Board Member,No,El Rancho Unified School District,,Governing Board Member,,,CAROLYN CASTILLO
EL SEGUNDO UNIFIED SCHOOL DISTRICT Governing Board Member,EL SEGUNDO UNIFIED SCHOOL DISTRICT Governing Board Member,No,El Segundo Unified School District,,Governing Board Member,,,TRACEY I. MILLER-ZARNEKE
KEPPEL UNION SCHOOL DISTRICT Governing Board Member,KEPPEL UNION SCHOOL DISTRICT Governing Board Member,No,Keppel Union School District,,Governing Board Member,,,GEORGIA HALLIMAN
LA CAÑADA UNIFIED SCHOOL DISTRICT Governing Board Member,LA CAÑADA UNIFIED SCHOOL DISTRICT Governing Board Member,No,La Cañada Unified School District,,Governing Board Member,,,"JOE RADABAUGH,DAN JEFFRIES"
LAS VIRGENES UNIFIED SCHOOL DISTRICT Governing Board Member,LAS VIRGENES UNIFIED SCHOOL DISTRICT Governing Board Member,No,Las Virgenes Unified School District,,Governing Board Member,,,"ANGELA CUTBILL,LESLI STEIN,DALLAS B. LAWRENCE"
MANHATTAN BEACH UNIFIED SCHOOL DISTRICT Governing Board Member,MANHATTAN BEACH UNIFIED SCHOOL DISTRICT Governing Board Member,No,Manhattan Beach Unified School District,,Governing Board Member,,,"JENNIFER ""JEN"" FENTON"
MONTEBELLO UNIFIED SCHOOL DISTRICT Governing Board Member,MONTEBELLO UNIFIED SCHOOL DISTRICT Governing Board Member,No,Montebello Unified School District,,Governing Board Member,,,"MARISOL M. URIBE,JENNIFER GUTIERREZ"
MOUNTAIN VIEW SCHOOL DISTRICT Governing Board Member,MOUNTAIN VIEW SCHOOL DISTRICT Governing Board Member,No,Mountain View School District,,Governing Board Member,,,"VERONICA SIFUENTES,ADAM C. CARRANZA,CINDY WU"
NORWALK-LA MIRADA UNIFIED SCHOOL DISTRICT Governing Board Member,NORWALK-LA MIRADA UNIFIED SCHOOL DISTRICT Governing Board Member,No,Norwalk-La Mirada Unified School District,,Governing Board Member,,,"ROBERTO ""ROB"" CANCIO,NORMA AMEZCUA,JORGE ALBERTO TIRADO,NARCIS BRASOV"
PALMDALE SCHOOL DISTRICT Governing Board Member,PALMDALE SCHOOL DISTRICT Governing Board Member,No,Palmdale School District,,Governing Board Member,,,"RALPH VELADOR,SIMONE ZULU,NANCY K. SMITH"
PALOS VERDES PENINSULA UNIFIED SCHOOL DISTRICT Governing Board Member,PALOS VERDES PENINSULA UNIFIED SCHOOL DISTRICT Governing Board Member,No,Palos Verdes Peninsula Unified School District,,Governing Board Member,,,
"PALOS VERDES PENINSULA UNIFIED SCHOOL DISTRICT SPECIAL ELECTION Governing Board Member (Unexpired term ending December 13, 2024)","PALOS VERDES PENINSULA UNIFIED SCHOOL DISTRICT SPECIAL ELECTION Governing Board Member (Unexpired term ending December 13, 2024)",No,Palos Verdes Peninsula Unified School District,,Governing Board Member,"Unexpired term ending December 13, 2024",,AMI GANDHI
PARAMOUNT UNIFIED SCHOOL DISTRICT Governing Board Member,PARAMOUNT UNIFIED SCHOOL DISTRICT Governing Board Member,No,Paramount Unified School District,,Governing Board Member,,,"CARMEN PATRICIA GOMEZ,YESENIA MARIA CUARENTA,SONIA OLMOS DE LEON"
ROSEMEAD SCHOOL DISTRICT Governing Board Member,ROSEMEAD SCHOOL DISTRICT Governing Board Member,No,Rosemead School District,,Governing Board Member,,,"JOHN QUINTANILLA,NANCY ARMENTA,DIANE BENITEZ"
SAN MARINO UNIFIED SCHOOL DISTRICT Governing Board Member,SAN MARINO UNIFIED SCHOOL DISTRICT Governing Board Member,No,San Marino Unified School District,,Governing Board Member,,,
"SAN MARINO UNIFIED SCHOOL DISTRICT SPECIAL ELECTION Governing Board Member (Unexpired term ending December 13, 2024)","SAN MARINO UNIFIED SCHOOL DISTRICT SPECIAL ELECTION Governing Board Member (Unexpired term ending December 13, 2024)",No,San Marino Unified School District,,Governing Board Member,"Unexpired term ending December 13, 2024",,"SHELLEY RYAN,C. JOSEPH CHANG"
VALLE LINDO SCHOOL DISTRICT Governing Board Member,VALLE LINDO SCHOOL DISTRICT Governing Board Member,No,Valle Lindo School District,,Governing Board Member,,,"REYNALDO REY SOTO,VERONICA LAURIA,RUDY T. MARTINEZ"
WALNUT VALLEY UNIFIED SCHOOL DISTRICT Governing Board Member,WALNUT VALLEY UNIFIED SCHOOL DISTRICT Governing Board Member,No,Walnut Valley Unified School District,,Governing Board Member,,,"YI TONY TORNG,HELEN HALL,CINDY RUIZ"
WEST COVINA UNIFIED SCHOOL DISTRICT Governing Board Member,WEST COVINA UNIFIED SCHOOL DISTRICT Governing Board Member,No,West Covina Unified School District,,Governing Board Member,,,"ROSE LOPEZ,EILEEN MIRANDA JIMENEZ"
"LONG BEACH UNIFIED SCHOOL DISTRICT Governing Board Member, District 1","LONG BEACH UNIFIED SCHOOL DISTRICT Governing Board Member, District 001",No,Long Beach Unified School District,,"Governing Board Member, District 1",,,
"CASTAIC UNION SCHOOL DISTRICT Governing Board Member, Trustee Area E","CASTAIC UNION SCHOOL DISTRICT Governing Board Member, Trustee Area E",No,Castaic Union School District,,"Governing Board Member, Trustee Area E",,,MAYREEN BURK
"ANTELOPE VALLEY JOINT UNION HIGH SCHOOL DISTRICT Governing Board Member, Trustee Area No. 1","ANTELOPE VALLEY JOINT UNION HIGH SCHOOL DISTRICT Governing Board Member, Trustee Area No. 001",No,Antelope Valley Joint Union High School District,,"Governing Board Member, Trustee Area No. 1",,,
"CENTINELA VALLEY UNION HIGH SCHOOL DISTRICT Governing Board Member, Trustee Area No. 1","CENTINELA VALLEY UNION HIGH SCHOOL DISTRICT Governing Board Member, Trustee Area No. 001",No,Centinela Valley Union High School District,,"Governing Board Member, Trustee Area No. 1",,,MARISELA RUIZ
"COMPTON COMMUNITY COLLEGE DISTRICT Governing Board Member, Trustee Area No. 1","COMPTON COMMUNITY COLLEGE DISTRICT Governing Board Member, Trustee Area No. 001",No,Compton Community College District,,"Governing Board Member, Trustee Area No. 1",,,ANDRES RAMOS
"GLENDORA UNIFIED SCHOOL DISTRICT Governing Board Member, Trustee Area No. 1","GLENDORA UNIFIED SCHOOL DISTRICT Governing Board Member, Trustee Area No. 001",No,Glendora Unified School District,,"Governing Board Member, Trustee Area No. 1",,,ZONDRA BORG
"NEWHALL SCHOOL DISTRICT Governing Board Member, Trustee Area No. 1","NEWHALL SCHOOL DISTRICT Governing Board Member, Trustee Area No. 001",No,Newhall School District,,"Governing Board Member, Trustee Area No. 1",,,BRIAN D. WALTERS
"POMONA UNIFIED SCHOOL DISTRICT Governing Board Member, Trustee Area No. 1","POMONA UNIFIED SCHOOL DISTRICT Governing Board Member, Trustee Area No. 001",No,Pomona Unified School District,,"Governing Board Member, Trustee Area No. 1",,,
"RIO HONDO COMMUNITY COLLEGE DISTRICT Governing Board Member, Trustee Area No. 1","RIO HONDO COMMUNITY COLLEGE DISTRICT Governing Board Member, Trustee Area No. 001",No,Rio Hondo Community College District,,"Governing Board Member, Trustee Area No. 1",,,ANAIS MEDINA DIAZ
"SAUGUS UNION SCHOOL DISTRICT Governing Board Member, Trustee Area No. 1","SAUGUS UNION SCHOOL DISTRICT Governing Board Member, Trustee Area No. 001",No,Saugus Union School District,,"Governing Board Member, Trustee Area No. 1",,,
"ABC UNIFIED SCHOOL DISTRICT Governing Board Member, Trustee Area No. 2","ABC UNIFIED SCHOOL DISTRICT Governing Board Member, Trustee Area No. 002",No,ABC Unified School District,,"Governing Board Member, Trustee Area No. 2",,,SOO YOO
"ANTELOPE VALLEY COMMUNITY COLLEGE DISTRICT Governing Board Member, Trustee Area No. 2","ANTELOPE VALLEY COMMUNITY COLLEGE DISTRICT Governing Board Member, Trustee Area No. 002",No,Antelope Valley Community College District,,"Governing Board Member, Trustee Area No. 2",,,STEVE D. BUFFALO
"BONITA UNIFIED SCHOOL DISTRICT Governing Board Member, Trustee Area No. 2","BONITA UNIFIED SCHOOL DISTRICT Governing Board Member, Trustee Area No. 002",No,Bonita Unified School District,,"Governing Board Member, Trustee Area No. 2",,,DEREK HAMID BAHMANOU
"CENTINELA VALLEY UNION HIGH SCHOOL DISTRICT Governing Board Member, Trustee Area No. 2","CENTINELA VALLEY UNION HIGH SCHOOL DISTRICT Governing Board Member, Trustee Area No. 002",No,Centinela Valley Union High School District,,"Governing Board Member, Trustee Area No. 2",,,HUGO M. ROJAS
"GLENDORA UNIFIED SCHOOL DISTRICT Governing Board Member, Trustee Area No. 2","GLENDORA UNIFIED SCHOOL DISTRICT Governing Board Member, Trustee Area No. 002",No,Glendora Unified School District,,"Governing Board Member, Trustee Area No. 2",,,
"HACIENDA LA PUENTE UNIFIED SCHOOL DISTRICT Governing Board Member, Trustee Area No. 2","HACIENDA LA PUENTE UNIFIED SCHOOL DISTRICT Governing Board Member, Trustee Area No. 002",No,Hacienda La Puente Unified School District,,"Governing Board Member, Trustee Area No. 2",,,
"LAWNDALE SCHOOL DISTRICT Governing Board Member, Trustee Area No. 2","LAWNDALE SCHOOL DISTRICT Governing Board Member, Trustee Area No. 002",No,Lawndale Union School District,,"Governing Board Member, Trustee Area No. 2",,,SHIRLEY RUDOLPH
"LOWELL JOINT SCHOOL DISTRICT Governing Board Member, Trustee Area No. 2","LOWELL JOINT SCHOOL DISTRICT Governing Board Member, Trustee Area No. 002",No,Lowell Joint School District,,"Governing Board Member, Trustee Area No. 2",,,
"NEWHALL SCHOOL DISTRICT Governing Board Member, Trustee Area No. 2","NEWHALL SCHOOL DISTRICT Governing Board Member, Trustee Area No. 002",No,Newhall School District,,"Governing Board Member, Trustee Area No. 2",,,
"SAUGUS UNION SCHOOL DISTRICT Governing Board Member, Trustee Area No. 2","SAUGUS UNION SCHOOL DISTRICT Governing Board Member, Trustee Area No. 002",No,Saugus Union School District,,"Governing Board Member, Trustee Area No. 2",,,LAURA ARROWSMITH
"WILLIAM S. HART UNION HIGH SCHOOL DISTRICT Governing Board Member, Trustee Area No. 2","WILLIAM S. HART UNION HIGH SCHOOL DISTRICT Governing Board Member, Trustee Area No. 002",No,William S. Hart Union High School District,,"Governing Board Member, Trustee Area No. 2",,,BOB JENSEN
"ABC UNIFIED SCHOOL DISTRICT Governing Board Member, Trustee Area No. 3","ABC UNIFIED SCHOOL DISTRICT Governing Board Member, Trustee Area No. 003",No,ABC Unified School District,,"Governing Board Member, Trustee Area No. 3",,,ERNIE NISHII
"AZUSA UNIFIED SCHOOL DISTRICT Governing Board Member, Trustee Area No. 3","AZUSA UNIFIED SCHOOL DISTRICT Governing Board Member, Trustee Area No. 003",No,Azusa Unified School District,,"Governing Board Member, Trustee Area No. 3",,,
"BONITA UNIFIED SCHOOL DISTRICT Governing Board Member, Trustee Area No. 3","BONITA UNIFIED SCHOOL DISTRICT Governing Board Member, Trustee Area No. 003",No,Bonita Unified School District,,"Governing Board Member, Trustee Area No. 3",,,JIM ELLIOT
"CITRUS COMMUNITY COLLEGE DISTRICT Governing Board Member, Trustee Area No. 3","CITRUS COMMUNITY COLLEGE DISTRICT Governing Board Member, Trustee Area No. 003",No,Citrus Community College District,,"Governing Board Member, Trustee Area No. 3",,,CHERYL A. ALEXANDER
"WILLIAM S. HART UNION HIGH SCHOOL DISTRICT Governing Board Member, Trustee Area No. 3","WILLIAM S. HART UNION HIGH SCHOOL DISTRICT Governing Board Member, Trustee Area No. 003",No,William S. Hart Union High School District,,"Governing Board Member, Trustee Area No. 3",,,CHERISE MOORE
"WILSONA SCHOOL DISTRICT Governing Board Member, Trustee Area No. 3","WILSONA SCHOOL DISTRICT Governing Board Member, Trustee Area No. 003",No,Wilsona School District,,"Governing Board Member, Trustee Area No. 3",,,ROBERT HARRIS
"ANTELOPE VALLEY JOINT UNION HIGH SCHOOL DISTRICT Governing Board Member, Trustee Area No. 4","ANTELOPE VALLEY JOINT UNION HIGH SCHOOL DISTRICT Governing Board Member, Trustee Area No. 004",No,Antelope Valley Joint Union High School District,,"Governing Board Member, Trustee Area No. 4",,,
"CLAREMONT UNIFIED SCHOOL DISTRICT Governing Board Member, Trustee Area No. 4","CLAREMONT UNIFIED SCHOOL DISTRICT Governing Board Member, Trustee Area No. 004",No,Claremont Unified School District,,"Governing Board Member, Trustee Area No. 4",,,STEVEN LLANUSA
"COMPTON COMMUNITY COLLEGE DISTRICT Governing Board Member, Trustee Area No. 4","COMPTON COMMUNITY COLLEGE DISTRICT Governing Board Member, Trustee Area No. 004",No,Compton Community College District,,"Governing Board Member, Trustee Area No. 4",,,JUANITA DOPLEMORE
"COVINA-VALLEY UNIFIED SCHOOL DISTRICT Governing Board Member, Trustee Area No. 4","COVINA-VALLEY UNIFIED SCHOOL DISTRICT Governing Board Member, Trustee Area No. 004",No,Covina-Valley Unified School District,,"Governing Board Member, Trustee Area No. 4",,,GARY C. RODRIGUEZ
"DUARTE UNIFIED SCHOOL DISTRICT Governing Board Member, Trustee Area No. 4","DUARTE UNIFIED SCHOOL DISTRICT Governing Board Member, Trustee Area No. 004",No,Duarte Unified School District,,"Governing Board Member, Trustee Area No. 4",,,
"EL MONTE UNION HIGH SCHOOL DISTRICT Governing Board Member, Trustee Area No. 4","EL MONTE UNION HIGH SCHOOL DISTRICT Governing Board Member, Trustee Area No. 004",No,El Monte Union High School District,,"Governing Board Member, Trustee Area No. 4",,,FLORENCIO BRIONES
"HACIENDA LA PUENTE UNIFIED SCHOOL DISTRICT Governing Board Member, Trustee Area No. 4","HACIENDA LA PUENTE UNIFIED SCHOOL DISTRICT Governing Board Member, Trustee Area No. 004",No,Hacienda La Puente Unified School District,,"Governing Board Member, Trustee Area No. 4",,,
"POMONA UNIFIED SCHOOL DISTRICT Governing Board Member, Trustee Area No. 4","POMONA UNIFIED SCHOOL DISTRICT Governing Board Member, Trustee Area No. 004",No,Pomona Unified School District,,"Governing Board Member, Trustee Area No. 4",,,ROBERTA A. PERLMAN
"WHITTIER UNION HIGH SCHOOL DISTRICT Governing Board Member, Trustee Area No. 4","WHITTIER UNION HIGH SCHOOL DISTRICT Governing Board Member, Trustee Area No. 004",No,Whittier Union High School District,,"Governing Board Member, Trustee Area No. 4",,,
"ANTELOPE VALLEY JOINT UNION HIGH SCHOOL DISTRICT Governing Board Member, Trustee Area No. 5","ANTELOPE VALLEY JOINT UNION HIGH SCHOOL DISTRICT Governing Board Member, Trustee Area No. 005",No,Antelope Valley Joint Union High School District,,"Governing Board Member, Trustee Area No. 5",,,
"CENTINELA VALLEY UNION HIGH SCHOOL DISTRICT Governing Board Member, Trustee Area No. 5","CENTINELA VALLEY UNION HIGH SCHOOL DISTRICT Governing Board Member, Trustee Area No. 005",No,Centinela Valley Union High School District,,"Governing Board Member, Trustee Area No. 5",,,ESTEFANY ALEJANDRA CASTANEDA
"COMPTON COMMUNITY COLLEGE DISTRICT Governing Board Member, Trustee Area No. 5","COMPTON COMMUNITY COLLEGE DISTRICT Governing Board Member, Trustee Area No. 005",No,Compton Community College District,,"Governing Board Member, Trustee Area No. 5",,,SHARONI DENISE LITTLE
"DUARTE UNIFIED SCHOOL DISTRICT Governing Board Member, Trustee Area No. 5","DUARTE UNIFIED SCHOOL DISTRICT Governing Board Member, Trustee Area No. 005",No,Duarte Unified School District,,"Governing Board Member, Trustee Area No. 5",,,REYNA E. DIAZ
"EL MONTE UNION HIGH SCHOOL DISTRICT Governing Board Member, Trustee Area No. 5","EL MONTE UNION HIGH SCHOOL DISTRICT Governing Board Member, Trustee Area No. 005",No,El Monte Union High School District,,"Governing Board Member, Trustee Area No. 5",,,RICARDO PADILLA
"HACIENDA LA PUENTE UNIFIED SCHOOL DISTRICT Governing Board Member, Trustee Area No. 5","HACIENDA LA PUENTE UNIFIED SCHOOL DISTRICT Governing Board Member, Trustee Area No. 005",No,Hacienda La Puente Unified School District,,"Governing Board Member, Trustee Area No. 5",,,JEFFREY DE LA TORRE
"HUGHES-ELIZABETH LAKES UNION SCHOOL DISTRICT Governing Board Member, Trustee Area No. 5","HUGHES-ELIZABETH LAKES UNION SCHOOL DISTRICT Governing Board Member, Trustee Area No. 005",No,Hughes-Elizabeth Lakes Union School District,,"Governing Board Member, Trustee Area No. 5",,,LOLA SKELTON
"POMONA UNIFIED SCHOOL DISTRICT Governing Board Member, Trustee Area No. 5","POMONA UNIFIED SCHOOL DISTRICT Governing Board Member, Trustee Area No. 005",No,Pomona Unified School District,,"Governing Board Member, Trustee Area No. 5",,,
"RIO HONDO COMMUNITY COLLEGE DISTRICT Governing Board Member, Trustee Area No. 5","RIO HONDO COMMUNITY COLLEGE DISTRICT Governing Board Member, Trustee Area No. 005",No,Rio Hondo Community College District,,"Governing Board Member, Trustee Area No. 5",,,OSCAR VALLADARES
"ROWLAND UNIFIED SCHOOL DISTRICT Governing Board Member, Trustee Area No. 5","ROWLAND UNIFIED SCHOOL DISTRICT Governing Board Member, Trustee Area No. 005",No,Rowland Unified School District,,"Governing Board Member, Trustee Area No. 5",,,DONNA FREEDMAN
"SAUGUS UNION SCHOOL DISTRICT Governing Board Member, Trustee Area No. 5","SAUGUS UNION SCHOOL DISTRICT Governing Board Member, Trustee Area No. 005",No,Saugus Union School District,,"Governing Board Member, Trustee Area No. 5",,,CHRISTOPHER TRUNKEY
"WHITTIER CITY SCHOOL DISTRICT Governing Board Member, Trustee Area No. 5","WHITTIER CITY SCHOOL DISTRICT Governing Board Member, Trustee Area No. 005",No,Whittier City School District,,"Governing Board Member, Trustee Area No. 5",,,
"WHITTIER UNION HIGH SCHOOL DISTRICT Governing Board Member, Trustee Area No. 5","WHITTIER UNION HIGH SCHOOL DISTRICT Governing Board Member, Trustee Area No. 005",No,Whittier Union High School District,,"Governing Board Member, Trustee Area No. 5",,,
"WILLIAM S. HART UNION HIGH SCHOOL DISTRICT Governing Board Member, Trustee Area No. 5","WILLIAM S. HART UNION HIGH SCHOOL DISTRICT Governing Board Member, Trustee Area No. 005",No,William S. Hart Union High School District,,"Governing Board Member, Trustee Area No. 5",,,JOE MESSINA
"ABC UNIFIED SCHOOL DISTRICT Governing Board Member, Trustee Area No. 6","ABC UNIFIED SCHOOL DISTRICT Governing Board Member, Trustee Area No. 006",No,ABC Unified School District,,"Governing Board Member, Trustee Area No. 6",,,OLGA RIOS
"CERRITOS COMMUNITY COLLEGE DISTRICT Governing Board Member, Trustee Area No. 7","CERRITOS COMMUNITY COLLEGE DISTRICT Governing Board Member, Trustee Area No. 007",No,Cerritos Community College District,,"Governing Board Member, Trustee Area No. 7",,,ZURICH LEWIS
"SNOWLINE JOINT UNIFIED SCHOOL DISTRICT Governing Board Member, Trustee Area No.1","SNOWLINE JOINT UNIFIED SCHOOL DISTRICT Governing Board Member, Trustee Area No.1",No,Snowline Joint Unified School District,,"Governing Board Member, Trustee Area No.1",,,
GOVERNOR,GOVERNOR,No,California,,Governor,,,GAVIN NEWSOM
INSURANCE COMMISSIONER,INSURANCE COMMISSIONER,No,California,,Insurance Commissioner,,,RICARDO LARA
LIEUTENANT GOVERNOR,LIEUTENANT GOVERNOR,No,California,,Lieutenant Governor,,,ELENI KOUNALAKIS
AZUSA CITY GENERAL MUNICIPAL ELECTION Mayor,AZUSA CITY GENERAL MUNICIPAL ELECTION Mayor,No,Azusa,,Mayor,,,ROBERT GONZALES
BALDWIN PARK CITY GENERAL MUNICIPAL ELECTION Mayor,BALDWIN PARK CITY GENERAL MUNICIPAL ELECTION Mayor,No,Baldwin Park,,Mayor,,,EMMANUEL J. ESTRADA
EL MONTE CITY GENERAL MUNICIPAL ELECTION Mayor,EL MONTE CITY GENERAL MUNICIPAL ELECTION Mayor,No,El Monte,,Mayor,,,JESSICA ANCONA
INGLEWOOD CITY GENERAL MUNICIPAL ELECTION Mayor,INGLEWOOD CITY GENERAL MUNICIPAL ELECTION Mayor,No,Inglewood,,Mayor,,,JAMES T. BUTTS
LAWNDALE CITY GENERAL MUNICIPAL ELECTION Mayor,LAWNDALE CITY GENERAL MUNICIPAL ELECTION Mayor,No,Lawndale,,Mayor,,,ROBERT PULLEN-MILES
LONG BEACH CITY GENERAL MUNICIPAL ELECTION Mayor,LONG BEACH CITY GENERAL MUNICIPAL ELECTION Mayor,No,Long Beach,,Mayor,,,
STATE MEASURE 1,STATE MEASURE 1,No,California,,Measure 1,Abortion rights,,
STATE MEASURE 27,STATE MEASURE 26,No,California,,Measure 26,New types of gambling,,
STATE MEASURE 28,STATE MEASURE 27,No,California,,Measure 27,Online and mobile sports waging,,
STATE MEASURE 29,STATE MEASURE 28,No,California,,Measure 28,Arts and music education funding,,
STATE MEASURE 30,STATE MEASURE 29,No,California,,Measure 29,Diaslysis regulations,,
STATE MEASURE 31,STATE MEASURE 30,No,California,,Measure 30,Income tax for green energy programs,,
STATE MEASURE 26,STATE MEASURE 21,No,California,,Measure 31,Prohibit some flavored tobacco products,,
BELL GARDENS CITY GENERAL MUNICIPAL ELECTION - MEASURE AA,BELL GARDENS CITY MEASURE AA,No,Bell Gardens,,Measure AA,Set term limits,,
COMPTON UNIFIED SCHOOL DISTRICT SPECIAL ELECTION - MEASURE AAA,COMPTON USD MEASURE AAA,No,Compton,,Measure AAA,Authorize bonds,,
PICO RIVERA CITY GENERAL MUNICIPAL ELECTION - MEASURE AB,PICO RIVERA CITY MEASURE AB,No,Pico Rivera,,Measure AB,Reform business license fee,,
COMPTON CITY SPECIAL MUNICIPAL ELECTION - MEASURE AM,COMPTON CITY MEASURE AM,No,Compton,,Measure AM,Reduce City Council meetings,,
HERMOSA BEACH CITY GENERAL MUNICIPAL ELECTION - MEASURE B,HERMOSA BEACH CITY MEASURE B,No,Hermosa Beach,,Measure B,Increase sales tax,,
CUDAHY CITY GENERAL MUNICIPAL ELECTION - MEASURE BA,CUDAHY CITY MEASURE BA,No,Cudahy,,Measure BA,Allow cannabis sales and taxes,,
LONG BEACH CITY GENERAL MUNICIPAL ELECTION - MEASURE BB,LONG BEACH CITY MEASURE BB,No,Long Beach,,Measure BB,Merge public utilities,,
CULVER CITY GENERAL MUNICIPAL ELECTION - MEASURE BL,CULVER CITY MEASURE BL,No,Culver City,,Measure BL,Reform business license tax,,
BALDWIN PARK CITY GENERAL MUNICIPAL ELECTION - MEASURE BP,BALDWIN PARK MEASURE BP,No,Baldwin Park,,Measure BP,Sales tax,,
EL SEGUNDO CITY GENERAL MUNICIPAL ELECTION - MEASURE BT,EL SEGUNDO CITY MEASURE BT,No,El Segundo,,Measure BT,Amend business taxes,,
LONG BEACH CITY GENERAL MUNICIPAL ELECTION - MEASURE E,LONG BEACH CITY MEASURE E,No,Long Beach,,Measure C,Create police oversight commission,,
ARCADIA CITY GENERAL MUNICIPAL ELECTION - MEASURE CA,ARCADIA MEASURE CA,No,Arcadia,,Measure CA,Reform city council elections,,
BALDWIN PARK CITY GENERAL MUNICIPAL ELECTION - MEASURE CB,BALDWIN PARK MEASURE CB,No,Baldwin Park,,Measure CB,Allow cannabis sales and taxes,,
CERRITOS COMMUNITY COLLEGE DISTRICT SPECIAL ELECTION - MEASURE CC,CERRITOS COMMUNITY COLLEGE MEASURE CC,No,Cerritos,,Measure CC,Authorize bonds,,
SOUTH EL MONTE CITY GENERAL MUNICIPAL ELECTION - MEASURE CM,SOUTH EL MONTE CITY MEASURE CM,No,South El Monte,,Measure CM,Establish cannabis tax,,
BALDWIN PARK CITY GENERAL MUNICIPAL ELECTION - MEASURE CN,BALDWIN PARK MEASURE CN,No,Baldwin Park,,Measure CN,Campaign contribution limits,,
SANTA MONICA CITY GENERAL MUNICIPAL ELECTION - MEASURE CS,SANTA MONICA CITY MEASURE CS,No,Santa Monica,,Measure CS,Increase hotel tax,,
CLAREMONT CITY SPECIAL MUNICIPAL ELECTION - MEASURE CT,CLAREMONT CITY MEASURE CT,No,Claremont,,Measure CT,Establish cannabis tax,,
DOWNEY CITY GENERAL MUNICIPAL ELECTION - MEASURE D,DOWNEY CITY MEASURE D,No,Downey,,Measure D,Increase hotel tax,,
SANTA MONICA CITY GENERAL MUNICIPAL ELECTION - MEASURE DT,SANTA MONICA CITY MEASURE DT,No,Santa Monica,,Measure DT,On-time tax on property transfers,,
SANTA MONICA CITY GENERAL MUNICIPAL ELECTION - MEASURE DTS,SANTA MONICA CITY MEASURE DTS,No,Santa Monica,,Measure DTS,Advisory vote on use of property transfer tax,,
COMPTON CITY SPECIAL MUNICIPAL ELECTION - MEASURE ED,COMPTON CITY MEASURE ED,No,Compton,,Measure ED,Move elections,,
WISEBURN UNIFIED SCHOOL DISTRICT SPECIAL ELECTION - MEASURE EE,WISEBURN UNIFIED SCHOOL DISTRICT,No,Wiseburn Unified School District,,Measure EE,Authorize bonds,,
SANTA MONICA CITY GENERAL MUNICIPAL ELECTION - MEASURE EM,SANTA MONICA CITY MEASURE EM,No,Santa Monica,,Measure EM,Grant rent control board emergency powers,,
EASTSIDE UNION SCHOOL DISTRICT SPECIAL ELECTION - MEASURE ES,EASTSIDE UNION SCHOOL MEASURE ES,No,East Lancaster,,Measure ES,Authorize bonds,,
PICO RIVERA CITY GENERAL MUNICIPAL ELECTION - MEASURE F,PICO RIVERA CITY MEASURE F,No,Pico Rivera,,Measure F,Set term limits,,
SANTA MONICA CITY GENERAL MUNICIPAL ELECTION - MEASURE GS,SANTA MONICA CITY MEASURE GS,No,Santa Monica,,Measure GS,Designate funds for schools and housing,,
INGLEWOOD CITY GENERAL MUNICIPAL ELECTION - MEASURE HC,INGLEWOOD CITY MEASURE HC,No,Inglewood,,Measure HC,Establish healthcare minimum wage,,
SANTA MONICA CITY GENERAL MUNICIPAL ELECTION - MEASURE HMP,SANTA MONICA CITY MEASURE HMP,No,Santa Monica,,Measure HMP,Establish cannabis tax,,
SIERRA MADRE CITY GENERAL MUNICIPAL ELECTION - MEASURE HR,SIERRA MADRE CITY MEASURE HR,No,Sierra Madre,,Measure HR,Mater Dolorosa property designation,,
ARCADIA CITY GENERAL MUNICIPAL ELECTION - MEASURE HT,ARCADIA MEASURE HT,No,Arcadia,,Measure HT,Increase hotel tax,,
HAWTHORNE CITY GENERAL MUNICIPAL ELECTION - MEASURE I,HAWTHORNE CITY MEASURE I,No,Hawthorne,,Measure I,Expand City Council authority,,
DUARTE CITY GENERAL MUNICIPAL ELECTION - MEASURE J,DUARTE CITY MEASURE J,No,Duarte,,Measure J,Establish healthcare minimum wage,,
DOWNEY UNIFIED SCHOOL DISTRICT SPECIAL ELECTION - MEASURE K,DOWNEY USD MEASURE K,No,Downey,,Measure K,Authorize bonds,,
PASADENA CITY GENERAL MUNICIPAL ELECTION - MEASURE L,PASADENA CITY MEASURE L,No,Pasadena,,Measure L,Continue parcel tax for libraries,,
LONG BEACH CITY GENERAL MUNICIPAL ELECTION - MEASURE LBC,LONG BEACH CITY MEASURE LBC,No,Long Beach,,Measure LBC,Realign election dates,,
LONG BEACH UNIFIED SCHOOL DISTRICT SPECIAL ELECTION - MEASURE LBU,LONG BEACH USD MEASURE LBU,No,Long Beach,,Measure LBU,Realign election dates,,
SOUTH PASADENA CITY GENERAL MUNICIPAL ELECTION - MEASURE LL,SOUTH PASADENA CITY MEASURE LL,No,South Pasadena,,Measure LL,Extend library tax,,
HERMOSA BEACH CITY GENERAL MUNICIPAL ELECTION - MEASURE M,HERMOSA BEACH CITY MEASURE M,No,Hermosa Beach,,Measure M,Repeal cannabis prohibition,,
MANHATTAN BEACH CITY GENERAL MUNICIPAL ELECTION - MEASURE MB,MANHATTAN BEACH CITY MEASURE MB,No,Manhattan Beach,,Measure MB,Repeal retail cannabis prohibition,,
MALIBU CITY GENERAL MUNICIPAL ELECTION - MEASURE MC,MALIBU CITY MEASURE MC,No,Malibu,,Measure MC,Increase sales tax,,
MONROVIA UNIFIED SCHOOL DISTRICT SPECIAL ELECTION - MEASURE MM,,No,Monrovia Unified School District,,Measure MM,,,
MONTEREY PARK CITY GENERAL MUNICIPAL ELECTION - MEASURE MP,MONTEREY PARK CITY MEASURE MP,No,Monterey Park,,Measure MP,Increase sales tax,,
EL MONTE CITY GENERAL MUNICIPAL ELECTION - MEASURE OT,EL MONTE CITY MEASURE OT,No,El Monte,,Measure OT,Increase hotel tax,,
PARAMOUNT UNIFIED SCHOOL DISTRICT SPECIAL ELECTION - MEASURE P,PARAMOUND USD MEASURE P,No,Paramount Unified School District,,Measure P,Set term limits,,
SANTA MONICA CITY GENERAL MUNICIPAL ELECTION - MEASURE PB,SANTA MONICA CITY MEASURE PB,No,Santa Monica,,Measure PB,Expand personnel board eligibility,,
POMONA CITY GENERAL MUNICIPAL ELECTION - MEASURE PC,POMONA CITY MEASURE PC,No,Pomona,,Measure PC,Reform campaign finance regulations,,
PASADENA AREA COMMUNITY COLLEGE DISTRICT SPECIAL ELECTION - MEASURE PCC,PASADENA AREA COMMUNITY COLLEGE MEASURE PCC,No,Pasadena,,Measure PCC,Authorize bonds,,
SOUTH GATE CITY GENERAL MUNICIPAL ELECTION - MEASURE PD,SOUTH GATE CITY MEASURE PD,No,South Gate,,Measure PD,Increase material recovery facilities tax,,
POMONA CITY GENERAL MUNICIPAL ELECTION - MEASURE PE,POMONA CITY MEASURE PE,No,Pomona,,Measure PE,Create ethics commission,,
POMONA CITY GENERAL MUNICIPAL ELECTION - MEASURE PG,POMONA CITY MEASURE PG,No,Pomona,,Measure PG,Revise city charter,,
POMONA CITY GENERAL MUNICIPAL ELECTION - MEASURE PI,POMONA CITY MEASURE PI,No,Pomona,,Measure PI,Create independent redistricting commission,,
POMONA CITY GENERAL MUNICIPAL ELECTION - MEASURE PL,POMONA CITY MEASURE PL,No,Pomona,,Measure PL,Require runoff elections,,
POMONA CITY GENERAL MUNICIPAL ELECTION - MEASURE PO,POMONA CITY MEASURE PO,No,Pomona,,Measure PO,Create police oversight commission,,
HUNTINGTON PARK CITY SPECIAL MUNICIPAL ELECTION - MEASURE PP,HUNTINGTON PARK CITY MEASURE PP,No,Huntington Park,,Measure PP,Establish overnight parking permitting,,
POMONA CITY GENERAL MUNICIPAL ELECTION - MEASURE PR,POMONA CITY MEASURE PR,No,Pomona,,Measure PR,Establish resign to run rule,,
PALMDALE SCHOOL DISTRICT SPECIAL ELECTION - MEASURE PRM,PALMDALE SD MEASURE PRM,No,Palmdale,,Measure PRM,Authorize bonds,,
POMONA CITY GENERAL MUNICIPAL ELECTION - MEASURE PS,POMONA CITY MEASURE PS,No,Pomona,,Measure PS,Establish industrial parcel tax,,
POMONA CITY GENERAL MUNICIPAL ELECTION - MEASURE PT,POMONA CITY MEASURE PT,No,Pomona,,Measure PT,Set term limits,,
LONG BEACH UNIFIED SCHOOL DISTRICT SPECIAL ELECTION - MEASURE Q,LONG BEACH USD MEASURE Q,No,Long Beach,,Measure Q,Authorize bonds,,
SANTA MONICA CITY GENERAL MUNICIPAL ELECTION - MEASURE RC,SANTA MONICA CITY MEASURE RC,No,Santa Monica,,Measure RC,Revise eviction restrictions,,
BALDWIN PARK CITY GENERAL MUNICIPAL ELECTION - MEASURE RM,BALDWIN PARK MEASURE RM,No,Baldwin Park,,Measure RM,Reform city council structure,,
CARSON CITY GENERAL MUNICIPAL ELECTION - MEASURE R,CARSON CITY CITY MEASURE R,No,Carson,,Measure RM,Continue utility tax,,
LAS VIRGENES UNIFIED SCHOOL DISTRICT SPECIAL ELECTION - MEASURE S,LAS VIRGENES USD,No,Las Virgenes,,Measure S,Authorize bonds,,
CITY OF COMMERCE SPECIAL MUNICIPAL ELECTION - MEASURE SL,COMMERCE CITY MEASURE SL,No,Commerce,,Measure SL,Extend term limits,,
SANTA MONICA COMMUNITY COLLEGE DISTRICT SPECIAL ELECTION - MEASURE SMC,SANTA MONICA COMMUNITY COLLEGE DISTRICT MEASURE SMC,No,Santa Monica Community College District,,Measure SMC,Authorize bonds,,
ARCADIA CITY GENERAL MUNICIPAL ELECTION - MEASURE SW,ARCADIA MEASURE SW,No,Arcadia,,Measure SW,Establish sports wagering tax,,
HERMOSA BEACH CITY GENERAL MUNICIPAL ELECTION - MEASURE T,HERMOSA BEACH CITY MEASURE T,No,Hermosa Beach,,Measure T,Establish cannabis tax,,
BALDWIN PARK CITY GENERAL MUNICIPAL ELECTION - MEASURE TL,BALDWIN PARK MEASURE TL,No,Baldwin Park,,Measure TL,Set term limits,,
LYNWOOD CITY GENERAL MUNICIPAL ELECTION - MEASURE TR,LYNWOOD CITY MEASURE TR,No,Lynwood,,Measure TR,Establish cannabis tax,,
HERMOSA BEACH CITY GENERAL MUNICIPAL ELECTION - MEASURE U,HERMOSA BEACH CITY MEASURE U,No,Hermosa Beach,,Measure U,Repeal civil service system,,
MANHATTAN BEACH CITY GENERAL MUNICIPAL ELECTION - MEASURE V,MANHATTAN BEACH CITY MEASURE V,No,Manhattan Beach,,Measure V,Readopt commercial cannabis prohibition,,
CULVER CITY GENERAL MUNICIPAL ELECTION - MEASURE VY,CULVER CITY MEASURE VY,No,Culver City,,Measure VY,Lower voting age in school elections,,
EL SEGUNDO CITY GENERAL MUNICIPAL ELECTION - MEASURE W,EL SEGUNDO CITY MEASURE W,No,El Segundo,,Measure W,Repeal cannabis prohibition,,
SOUTH EL MONTE CITY GENERAL MUNICIPAL ELECTION - MEASURE X,SOUTH EL MONTE CITY MEASURE X,No,South El Monte,,Measure X,Allow cannabis businesses,,
EL SEGUNDO CITY GENERAL MUNICIPAL ELECTION - MEASURE Y,EL SEGUNDO CITY MEASURE Y,No,El Segundo,,Measure Y,Allow cannabis taxes,,
SAN MARINO CITY GENERAL MUNICIPAL ELECTION - MEASURE Z,SAN MARINO CITY MEASURE Z,No,San Marino,,Measure Z,Levy parcel tax on specified properties,,
SANTA MONICA COMMUNITY COLLEGE DISTRICT Member of the Board of Trustees,SANTA MONICA COMMUNITY COLLEGE DISTRICT Member of the Board of Trustees,No,Santa Monica Community College District,,Member of the Board of Trustees,,,
"ALHAMBRA UNIFIED SCHOOL DISTRICT Member, Board of Education, Trustee Area No. 5","ALHAMBRA UNIFIED SCHOOL DISTRICT Member, Board of Education, Trustee Area No. 005",No,Alhambra Unified School District,,"Member, Board of Education, Trustee Area No. 5",,,
SANTA MONICA CITY GENERAL MUNICIPAL ELECTION Member of the Rent Control Board,SANTA MONICA CITY GENERAL MUNICIPAL ELECTION Member of the Rent Control Board,No,Santa Monica,,Rent Control Board,,,ERICKA LESLEY
SECRETARY OF STATE,SECRETARY OF STATE,No,California,,Secretary of State,,,SHIRLEY N. WEBER
"MEMBER OF THE STATE ASSEMBLY, 48th District","MEMBER OF THE STATE ASSEMBLY, 48th District",No,California,,"State Assembly,  48th District",,,BLANCA RUBIO
"MEMBER OF THE STATE ASSEMBLY, 34th District","MEMBER OF THE STATE ASSEMBLY, 34th District",No,California,,"State Assembly, 34th District",,,"TOM LACKEY,THURSTON ""SMITTY"" SMITH"
"MEMBER OF THE STATE ASSEMBLY, 39th District","MEMBER OF THE STATE ASSEMBLY, 39th District",No,California,,"State Assembly, 39th District",,,
"MEMBER OF THE STATE ASSEMBLY, 40th District","MEMBER OF THE STATE ASSEMBLY, 40th District",No,California,,"State Assembly, 40th District",,,SUZETTE MARTINEZ VALLADARES
"MEMBER OF THE STATE ASSEMBLY, 41st District","MEMBER OF THE STATE ASSEMBLY, 41st District",No,California,,"State Assembly, 41st District",,,CHRIS HOLDEN
"MEMBER OF THE STATE ASSEMBLY, 42nd District","MEMBER OF THE STATE ASSEMBLY, 42nd District",No,California,,"State Assembly, 42nd District",,,JACQUI IRWIN
"MEMBER OF THE STATE ASSEMBLY, 43rd District","MEMBER OF THE STATE ASSEMBLY, 43rd District",No,California,,"State Assembly, 43rd District",,,LUZ MARIA RIVAS
"MEMBER OF THE STATE ASSEMBLY, 44th District","MEMBER OF THE STATE ASSEMBLY, 44th District",No,California,,"State Assembly, 44th District",,,LAURA FRIEDMAN
"MEMBER OF THE STATE ASSEMBLY, 46th District","MEMBER OF THE STATE ASSEMBLY, 46th District",No,California,,"State Assembly, 46th District",,,JESSE GABRIEL
"MEMBER OF THE STATE ASSEMBLY, 49th District","MEMBER OF THE STATE ASSEMBLY, 49th District",No,California,,"State Assembly, 49th District",,,MIKE FONG
"MEMBER OF THE STATE ASSEMBLY, 51st District","MEMBER OF THE STATE ASSEMBLY, 51st District",No,California,,"State Assembly, 51st District",,,
"MEMBER OF THE STATE ASSEMBLY, 52nd District","MEMBER OF THE STATE ASSEMBLY, 52nd District",No,California,,"State Assembly, 52nd District",,,WENDY CARRILLO
"MEMBER OF THE STATE ASSEMBLY, 53rd District","MEMBER OF THE STATE ASSEMBLY, 53rd District",No,California,,"State Assembly, 53rd District",,,FREDDIE RODRIGUEZ
"MEMBER OF THE STATE ASSEMBLY, 54th District","MEMBER OF THE STATE ASSEMBLY, 54th District",No,California,,"State Assembly, 54th District",,,MIGUEL SANTIAGO
"MEMBER OF THE STATE ASSEMBLY, 55th District","MEMBER OF THE STATE ASSEMBLY, 55th District",No,California,,"State Assembly, 55th District",,,ISAAC G. BRYAN
"MEMBER OF THE STATE ASSEMBLY, 56th District","MEMBER OF THE STATE ASSEMBLY, 56th District",No,California,,"State Assembly, 56th District",,,LISA CALDERON
"MEMBER OF THE STATE ASSEMBLY, 57th District","MEMBER OF THE STATE ASSEMBLY, 57th District",No,California,,"State Assembly, 57th District",,,REGGIE JONES-SAWYER
"MEMBER OF THE STATE ASSEMBLY, 61st District","MEMBER OF THE STATE ASSEMBLY, 61st District",No,California,,"State Assembly, 61st District",,,TINA SIMONE MCKINNOR
"MEMBER OF THE STATE ASSEMBLY, 62nd District","MEMBER OF THE STATE ASSEMBLY, 62nd District",No,California,,"State Assembly, 62nd District",,,ANTHONY RENDON
"MEMBER OF THE STATE ASSEMBLY, 64th District","MEMBER OF THE STATE ASSEMBLY, 64th District",No,California,,"State Assembly, 64th District",,,
"MEMBER OF THE STATE ASSEMBLY, 65th District","MEMBER OF THE STATE ASSEMBLY, 65th District",No,California,,"State Assembly, 65th District",,,MIKE ANTHONY GIPSON
"MEMBER OF THE STATE ASSEMBLY, 66th District","MEMBER OF THE STATE ASSEMBLY, 66th District",No,California,,"State Assembly, 66th District",,,AL MURATSUCHI
"MEMBER OF THE STATE ASSEMBLY, 67th District","MEMBER OF THE STATE ASSEMBLY, 67th District",No,California,,"State Assembly, 67th District",,,SHARON QUIRK-SILVA
"MEMBER OF THE STATE ASSEMBLY, 69th District","MEMBER OF THE STATE ASSEMBLY, 69th District",No,California,,"State Assembly, 69th District",,,
"STATE SENATOR, 20th District","STATE SENATOR, 20th District",No,California,,"State Senator, 20th District",,,
"STATE SENATOR, 22nd District","STATE SENATOR, 22nd District",No,California,,"State Senator, 22nd District",,,SUSAN RUBIO
"STATE SENATOR, 24th District","STATE SENATOR, 24th District",No,California,,"State Senator, 24th District",,,BEN ALLEN
"STATE SENATOR, 26th District","STATE SENATOR, 26th District",No,California,,"State Senator, 26th District",,,MARIA ELENA DURAZO
"STATE SENATOR, 28th District","STATE SENATOR, 28th District",No,California,,"State Senator, 28th District",,,
"STATE SENATOR, 30th District","STATE SENATOR, 30th District",No,California,,"State Senator, 30th District",,,BOB ARCHULETA
"STATE SENATOR, 34th District","STATE SENATOR, 34th District",No,California,,"State Senator, 34th District",,,TOM UMBERG
"STATE SENATOR, 36th District","STATE SENATOR, 36th District",No,California,,"State Senator, 36th District",,,
TREASURER,TREASURER,No,California,,Treasurer,,,FIONA MA
"UNITED STATES REPRESENTATIVE, 23rd District","UNITED STATES REPRESENTATIVE, 23rd District",No,United States,,"U.S. Representative, 23rd District",,,JAY OBERNOLTE
"UNITED STATES REPRESENTATIVE, 26th District","UNITED STATES REPRESENTATIVE, 26th District",No,United States,,"U.S. Representative, 26th District",,,JULIA BROWNLEY
"UNITED STATES REPRESENTATIVE, 27th District","UNITED STATES REPRESENTATIVE, 27th District",No,United States,,"U.S. Representative, 27th District",,,MIKE GARCIA
"UNITED STATES REPRESENTATIVE, 28th District","UNITED STATES REPRESENTATIVE, 28th District",No,United States,,"U.S. Representative, 28th District",,,JUDY CHU
"UNITED STATES REPRESENTATIVE, 29th District","UNITED STATES REPRESENTATIVE, 29th District",No,United States,,"U.S. Representative, 29th District",,,TONY CARDENAS
"UNITED STATES REPRESENTATIVE, 30th District","UNITED STATES REPRESENTATIVE, 30th District",No,United States,,"U.S. Representative, 30th District",,,ADAM B. SCHIFF
"UNITED STATES REPRESENTATIVE, 31st District","UNITED STATES REPRESENTATIVE, 31st District",No,United States,,"U.S. Representative, 31st District",,,GRACE F. NAPOLITANO
"UNITED STATES REPRESENTATIVE, 32nd District","UNITED STATES REPRESENTATIVE, 32nd District",No,United States,,"U.S. Representative, 32nd District",,,BRAD SHERMAN
"UNITED STATES REPRESENTATIVE, 34th District","UNITED STATES REPRESENTATIVE, 34th District",No,United States,,"U.S. Representative, 34th District",,,JIMMY GOMEZ
"UNITED STATES REPRESENTATIVE, 35th District","UNITED STATES REPRESENTATIVE, 35th District",No,United States,,"U.S. Representative, 35th District",,,NORMA J. TORRES
"UNITED STATES REPRESENTATIVE, 36th District","UNITED STATES REPRESENTATIVE, 36th District",No,United States,,"U.S. Representative, 36th District",,,TED W. LIEU
"UNITED STATES REPRESENTATIVE, 37th District","UNITED STATES REPRESENTATIVE, 37th District",No,United States,,"U.S. Representative, 37th District",,,
"UNITED STATES REPRESENTATIVE, 38th District","UNITED STATES REPRESENTATIVE, 38th District",No,United States,,"U.S. Representative, 38th District",,,LINDA T. SÁNCHEZ
"UNITED STATES REPRESENTATIVE, 42nd District","UNITED STATES REPRESENTATIVE, 42nd District",No,United States,,"U.S. Representative, 42nd District",,,
"UNITED STATES REPRESENTATIVE, 43rd District","UNITED STATES REPRESENTATIVE, 43rd District",No,United States,,"U.S. Representative, 43rd District",,,MAXINE WATERS
"UNITED STATES REPRESENTATIVE, 44th District","UNITED STATES REPRESENTATIVE, 44th District",No,United States,,"U.S. Representative, 44th District",,,NANETTE DIAZ BARRAGAN
"UNITED STATES REPRESENTATIVE, 45th District","UNITED STATES REPRESENTATIVE, 45th District",No,United States,,"U.S. Representative, 45th District",,,MICHELLE STEEL
UNITED STATES SENATOR - Full Term,UNITED STATES SENATOR - Full Term,No,United States,,U.S. Senator,,,ALEX PADILLA
"UNITED STATES SENATOR - Short Term (Unexpired term ending January 3, 2023)",UNITED STATES SENATOR - Short Term,No,United States,,U.S. Senator,,,ALEX PADILLA
For Associate Justice of the Supreme Court - GOODWIN LIU,For Associate Justice of the Supreme Court - GOODWIN LIU,No,California,,,,,
For Associate Justice of the Supreme Court - JOSHUA P. GROBAN,For Associate Justice of the Supreme Court - JOSHUA P. GROBAN,No,California,,,,,
For Associate Justice of the Supreme Court - MARTIN J. JENKINS,For Associate Justice of the Supreme Court - MARTIN J. JENKINS,No,California,,,,,
"For Associate Justice, Court of Appeal, Second District, Division Eight - ELIZABETH ANNETTE GRIMES","For Associate Justice, Court of Appeal, Second District, Division Eight - ELIZABETH ANNETTE GRIMES",No,California,,,,,
"For Associate Justice, Court of Appeal, Second District, Division Eight - JOHN SHEPARD WILEY JR.","For Associate Justice, Court of Appeal, Second District, Division Eight - JOHN SHEPARD WILEY JR.",No,California,,,,,
"For Associate Justice, Court of Appeal, Second District, Division Five - LAMAR W. BAKER","For Associate Justice, Court of Appeal, Second District, Division Five - LAMAR W. BAKER",No,California,,,,,
"For Associate Justice, Court of Appeal, Second District, Division Four - AUDREY B. COLLINS","For Associate Justice, Court of Appeal, Second District, Division Four - AUDREY B. COLLINS",No,California,,,,,
"For Associate Justice, Court of Appeal, Second District, Division Four - BRIAN S. CURREY","For Associate Justice, Court of Appeal, Second District, Division Four - BRIAN S. CURREY",No,California,,,,,
"For Associate Justice, Court of Appeal, Second District, Division Seven - JOHN L. SEGAL","For Associate Justice, Court of Appeal, Second District, Division Seven - JOHN L. SEGAL",No,California,,,,,
"For Associate Justice, Court of Appeal, Second District, Division Six - HERNALDO J. BALTODANO","For Associate Justice, Court of Appeal, Second District, Division Six - HERNALDO J. BALTODANO",No,California,,,,,
"For Associate Justice, Court of Appeal, Second District, Division Three - LUIS A. LAVIN","For Associate Justice, Court of Appeal, Second District, Division Three - LUIS A. LAVIN",No,California,,,,,
"For Associate Justice, Court of Appeal, Second District, Division Two - JUDITH M. ASHMANN","For Associate Justice, Court of Appeal, Second District, Division Two - JUDITH M. ASHMANN",No,California,,,,,
"For Presiding Justice, Court of Appeal, Second District, Division Eight - MARIA E. STRATTON","For Presiding Justice, Court of Appeal, Second District, Division Eight - MARIA E. STRATTON",No,California,,,,,
"For Presiding Justice, Court of Appeal, Second District, Division Five - LAURENCE D. RUBIN","For Presiding Justice, Court of Appeal, Second District, Division Five - LAURENCE D. RUBIN",No,California,,,,,
"For Presiding Justice, Court of Appeal, Second District, Division One - FRANCES ROTHSCHILD","For Presiding Justice, Court of Appeal, Second District, Division One - FRANCES ROTHSCHILD",No,California,,,,,
